cycle, B, CTmin
19900, 32.0988, 4.7174
19900, 31.501, 4.62298
19900, 30.9156, 4.83046
19900, 31.7599, 5.79867
19900, 31.6412, 5.36427
19900, 30.5898, 5.12983
19900, 31.2525, 4.90794
19900, 31.2404, 6.09606
19900, 32.7863, 5.17335
19900, 32.0998, 5.78906
19900, 32.3837, 5.41049
19900, 31.2446, 6.36571
19900, 31.2378, 5.8756
19900, 30.8808, 5.40704
19900, 32.7707, 6.32535
19900, 31.9787, 5.71352
19900, 31.4087, 6.0184
19900, 32.8647, 5.32134
19900, 32.1546, 5.20157
19900, 32.4976, 5.59594
19900, 33.4206, 4.855
19900, 30.0755, 5.61279
19900, 31.3938, 5.17319
19900, 33.0394, 6.5656
19900, 30.2824, 5.73352
19900, 32.385, 5.75306
19900, 31.1672, 6.81893
19900, 31.6477, 6.18457
19900, 31.2126, 7.95378
19900, 30.8445, 4.50686
19900, 30.952, 5.90734
19900, 31.5099, 4.40531
19900, 32.6004, 5.14928
19900, 31.29, 5.12211
19900, 32.0325, 7.07446
19900, 31.3709, 5.63139
19900, 30.4426, 5.72186
19900, 32.3027, 6.59122
19900, 31.5922, 5.84647
19900, 32.4509, 8.15217
19900, 33.6404, 3.98903
19900, 31.4709, 5.58934
19900, 30.7556, 6.24102
19900, 31.1721, 5.54479
19900, 32.3738, 5.17715
19900, 31.7517, 7.80156
19900, 30.7774, 5.85925
19900, 31.1359, 6.67016
19900, 32.6748, 4.97842
19900, 32.7568, 6.51266
19900, 33.1059, 4.75281
19900, 32.0195, 5.46555
19900, 31.3938, 3.83269
19900, 29.8424, 6.80471
19900, 32.3018, 5.65341
19900, 31.4729, 5.12975
19900, 31.126, 6.68757
19900, 32.7599, 5.83319
19900, 33.0472, 6.94591
19900, 31.3729, 6.00428
19900, 32.5361, 4.71857
19900, 30.4109, 5.69242
19900, 32.4224, 6.03953
19900, 32.9493, 4.60334
19900, 32.4236, 6.07479
19900, 31.2517, 7.07652
19900, 30.8213, 5.75915
19900, 30.4876, 5.94973
19900, 31.941, 5.12829
19900, 32.3942, 6.42446
19900, 32.275, 5.8385
19900, 31.8929, 5.3995
19900, 33.9834, 5.33478
19900, 32.6047, 4.82325
19900, 31.9403, 6.28038
19900, 31.9931, 4.99471
19900, 33.1495, 5.82575
19900, 31.0778, 7.38046
19900, 31.9688, 6.50054
19900, 31.6499, 4.9151
19900, 31.2667, 5.69953
19900, 32.8446, 4.97313
19900, 32.0714, 5.17111
19900, 31.7623, 6.88366
19900, 32.1631, 5.26179
19900, 31.164, 5.65082
19900, 30.5515, 5.53308
19900, 31.2165, 4.76662
19900, 32.5781, 5.51704
19900, 31.4963, 4.40155
19900, 32.2457, 6.152
19900, 30.9627, 6.43681
19900, 32.215, 6.0369
19900, 30.8982, 4.35437
19900, 32.1291, 5.88822
19900, 29.9205, 6.2486
19900, 31.2586, 4.42741
19900, 30.5636, 5.62599
19900, 31.6123, 5.02364
19900, 31.6268, 6.79435
19901, 32.9893, 5.14354
19901, 32.7375, 5.72968
19901, 31.8499, 6.36531
19901, 31.6666, 6.31336
19901, 30.5727, 5.30218
19901, 31.6735, 4.91986
19901, 32.5089, 4.54884
19901, 31.533, 3.60926
19901, 30.7859, 7.04179
19901, 32.4095, 6.19506
19901, 31.601, 4.74573
19901, 32.7268, 5.59213
19901, 31.2363, 5.39158
19901, 32.1755, 4.90351
19901, 30.5694, 4.53464
19901, 32.5024, 6.41495
19901, 31.8591, 5.73627
19901, 30.5802, 7.1156
19901, 31.1709, 5.53789
19901, 32.1627, 4.98346
19901, 32.2889, 6.70106
19901, 32.3327, 6.63482
19901, 32.4287, 5.1996
19901, 31.3807, 4.45446
19901, 30.3066, 6.0245
19901, 32.0989, 5.82085
19901, 31.5829, 6.5261
19901, 31.0417, 7.64586
19901, 32.6293, 4.24293
19901, 32.8596, 5.22857
19901, 31.5645, 5.5137
19901, 31.6754, 6.57603
19901, 30.9001, 5.95636
19901, 31.5599, 6.1449
19901, 32.1049, 5.29232
19901, 32.3663, 4.68838
19901, 31.5337, 6.14146
19901, 31.8444, 5.56455
19901, 31.3498, 5.98558
19901, 31.8548, 5.46622
19901, 32.2178, 6.11469
19901, 31.7396, 6.5597
19901, 32.6789, 4.99977
19901, 32.9136, 3.99429
19901, 30.7119, 5.77445
19901, 31.1846, 4.70184
19901, 33.0484, 4.66302
19901, 31.8627, 5.23902
19901, 31.581, 6.55285
19901, 31.969, 4.99126
19901, 31.2173, 5.04867
19901, 31.8558, 6.77577
19901, 32.7323, 5.76106
19901, 33.0435, 6.04776
19901, 31.819, 5.35892
19901, 31.9066, 4.533
19901, 30.9015, 6.42525
19901, 30.3003, 7.28868
19901, 31.8044, 6.41658
19901, 32.3169, 6.73866
19901, 30.3476, 5.01479
19901, 32.8001, 6.32816
19901, 31.6077, 5.26701
19901, 31.1235, 7.212
19901, 31.6471, 6.04664
19901, 31.5956, 6.50304
19901, 29.9399, 5.95123
19901, 31.155, 8.1172
19901, 31.9988, 4.48781
19901, 31.5094, 5.12908
19901, 30.6502, 4.50948
19901, 32.6249, 5.98302
19901, 33.5672, 6.1906
19901, 31.185, 3.71092
19901, 31.934, 6.08155
19901, 32.1659, 5.61698
19901, 32.6553, 5.59046
19901, 31.3776, 5.47161
19901, 30.7967, 6.29125
19901, 31.6185, 6.25367
19901, 31.3058, 6.48543
19901, 31.8606, 5.5194
19901, 32.1915, 4.29323
19901, 33.69, 5.15783
19901, 32.4238, 4.91333
19901, 32.3259, 4.71494
19901, 30.6325, 5.98559
19901, 31.7663, 7.2474
19901, 31.908, 5.78777
19901, 31.5127, 5.11374
19901, 31.613, 5.07335
19901, 32.2404, 6.80744
19901, 30.813, 6.18744
19901, 31.3348, 5.19052
19901, 31.9332, 6.48092
19901, 31.1616, 6.02847
19901, 31.4066, 6.22161
19901, 31.0611, 5.55121
19901, 32.3808, 4.81759
19901, 31.253, 4.86299
19902, 31.9637, 5.93747
19902, 31.9258, 6.51278
19902, 31.5698, 5.80131
19902, 32.4822, 4.818
19902, 32.5425, 5.46641
19902, 32.5186, 4.79442
19902, 31.2823, 4.81647
19902, 32.2316, 4.47421
19902, 31.6693, 5.32672
19902, 32.4107, 7.23659
19902, 33.1495, 6.26496
19902, 31.298, 5.63545
19902, 31.1794, 6.41064
19902, 31.7478, 6.97925
19902, 30.477, 5.71423
19902, 32.3635, 6.94145
19902, 32.5092, 4.46484
19902, 31.9157, 5.96448
19902, 32.1139, 5.64538
19902, 31.7914, 5.90275
19902, 31.4172, 5.82624
19902, 32.4303, 6.16068
19902, 31.8741, 5.27809
19902, 32.6246, 4.73568
19902, 31.8631, 5.75969
19902, 32.0665, 5.9519
19902, 31.5399, 5.92127
19902, 32.9218, 4.98445
19902, 31.8654, 4.99773
19902, 31.2164, 4.49053
19902, 30.4862, 4.75248
19902, 31.6704, 4.96463
19902, 31.4057, 5.79059
19902, 31.7895, 6.64613
19902, 31.1824, 4.19349
19902, 31.0603, 5.05649
19902, 30.4836, 6.426
19902, 31.7036, 5.69271
19902, 32.735, 6.10919
19902, 31.6588, 5.62859
19902, 31.6059, 5.9211
19902, 31.9036, 4.01931
19902, 32.6813, 6.45233
19902, 31.3919, 7.22513
19902, 29.2707, 6.21155
19902, 32.0168, 5.24341
19902, 31.9572, 6.54978
19902, 32.9859, 4.77042
19902, 32.7091, 5.07851
19902, 31.8744, 6.06523
19902, 30.4384, 6.8096
19902, 32.2182, 5.41247
19902, 31.1186, 6.39992
19902, 32.4002, 5.885
19902, 31.8169, 4.65479
19902, 30.9037, 6.56606
19902, 30.1039, 6.78263
19902, 30.8341, 5.22011
19902, 32.2567, 4.7544
19902, 30.249, 6.11579
19902, 32.4701, 6.69103
19902, 30.6019, 4.51981
19902, 31.6444, 6.53686
19902, 30.6425, 5.71006
19902, 32.8293, 6.25999
19902, 31.8726, 6.80486
19902, 32.1753, 6.51353
19902, 30.386, 6.015
19902, 31.3971, 5.34343
19902, 32.2743, 5.33531
19902, 31.5724, 6.79398
19902, 32.4203, 5.26901
19902, 30.8986, 5.36988
19902, 32.4334, 7.29105
19902, 32.1276, 3.56186
19902, 32.3823, 4.69396
19902, 32.2346, 5.66629
19902, 30.8095, 6.16953
19902, 32.2184, 6.74288
19902, 31.4876, 6.13981
19902, 32.8749, 5.88604
19902, 32.5022, 6.4895
19902, 31.2431, 5.79134
19902, 31.8905, 5.93576
19902, 32.0741, 5.87162
19902, 32.3661, 5.48546
19902, 30.5904, 7.17216
19902, 32.7885, 4.02914
19902, 31.6103, 6.32828
19902, 30.7557, 5.56306
19902, 32.6375, 5.18383
19902, 31.8138, 3.71215
19902, 32.1484, 4.69283
19902, 32.1298, 6.45542
19902, 32.0759, 4.90825
19902, 32.4369, 5.36655
19902, 31.1887, 5.6865
19902, 31.7015, 5.85651
19902, 32.6649, 6.99737
19902, 32.6703, 5.6059
19903, 32.6228, 7.66509
19903, 31.3918, 5.76504
19903, 32.1267, 5.46758
19903, 31.6931, 5.5735
19903, 32.1505, 3.69047
19903, 32.2166, 6.02036
19903, 31.0801, 4.77525
19903, 30.2539, 5.18756
19903, 32.3217, 5.39592
19903, 31.0504, 5.27778
19903, 31.4646, 6.04148
19903, 32.8408, 4.43735
19903, 31.0356, 6.67173
19903, 30.8417, 6.59239
19903, 30.7998, 3.75538
19903, 32.1611, 5.23574
19903, 30.9219, 6.68591
19903, 32.0646, 5.95726
19903, 31.0419, 4.50262
19903, 31.0222, 6.43929
19903, 31.0827, 5.27915
19903, 33.7941, 5.23846
19903, 30.9393, 5.21881
19903, 31.9333, 4.7469
19903, 30.8148, 5.80594
19903, 33.4243, 4.35294
19903, 31.5106, 5.39722
19903, 31.9264, 4.9135
19903, 32.0863, 7.22484
19903, 32.0383, 6.02132
19903, 31.7059, 4.61685
19903, 31.4909, 6.79754
19903, 32.4853, 6.07543
19903, 31.4678, 4.80876
19903, 32.136, 6.02551
19903, 30.2491, 6.50804
19903, 31.0745, 8.12498
19903, 31.3266, 5.72462
19903, 32.9209, 6.18278
19903, 31.8681, 4.82955
19903, 30.2589, 5.67274
19903, 31.239, 5.9067
19903, 31.1401, 6.74117
19903, 31.4576, 6.44362
19903, 32.3873, 5.74555
19903, 31.8393, 6.35956
19903, 30.7562, 5.52633
19903, 31.264, 7.42052
19903, 31.1465, 6.67699
19903, 31.4009, 5.44599
19903, 31.3585, 5.16617
19903, 32.8958, 6.67103
19903, 30.8473, 6.45994
19903, 31.369, 6.1104
19903, 32.0829, 5.9966
19903, 32.5474, 4.81841
19903, 32.3254, 4.15901
19903, 32.6808, 6.48498
19903, 33.7462, 4.40001
19903, 30.8219, 5.97631
19903, 32.2975, 4.42154
19903, 31.9001, 6.76291
19903, 31.6143, 5.21081
19903, 32.1259, 5.02396
19903, 31.5402, 5.68977
19903, 31.853, 6.48671
19903, 31.4526, 4.45763
19903, 30.7799, 5.19605
19903, 30.7398, 6.63878
19903, 30.3821, 5.11355
19903, 30.1647, 5.34124
19903, 31.8786, 5.60837
19903, 30.5317, 3.84249
19903, 31.1712, 6.21717
19903, 32.3391, 4.79492
19903, 32.673, 6.13816
19903, 31.488, 4.8545
19903, 32.5927, 4.95497
19903, 32.3588, 6.57418
19903, 31.8742, 4.37407
19903, 31.3585, 5.18316
19903, 32.407, 4.80675
19903, 30.9907, 6.40452
19903, 31.4357, 7.30895
19903, 32.1455, 6.15299
19903, 32.8801, 6.06172
19903, 32.3737, 6.36984
19903, 32.0972, 6.64262
19903, 32.8735, 4.81354
19903, 30.7095, 6.10743
19903, 32.6716, 6.7143
19903, 30.979, 4.03297
19903, 30.7835, 6.77453
19903, 31.7167, 4.3687
19903, 32.55, 6.49265
19903, 33.378, 5.43946
19903, 31.8581, 6.00473
19903, 31.5885, 5.83333
19903, 31.6048, 7.00515
19903, 32.2273, 5.84338
19904, 31.7349, 6.71681
19904, 31.4625, 7.47331
19904, 32.7902, 5.70528
19904, 30.7919, 6.63154
19904, 32.2917, 4.44154
19904, 32.5709, 6.51723
19904, 30.821, 6.50504
19904, 33.1144, 5.03831
19904, 31.2266, 5.32975
19904, 31.9672, 5.36413
19904, 32.6636, 4.2613
19904, 31.4538, 5.65087
19904, 30.7695, 6.50139
19904, 30.5884, 5.52889
19904, 32.3528, 4.2245
19904, 32.4959, 3.90872
19904, 31.4082, 5.76415
19904, 32.5926, 5.40962
19904, 31.4872, 5.34864
19904, 31.9062, 5.82134
19904, 30.4942, 4.45999
19904, 29.8451, 4.9139
19904, 32.0675, 4.89921
19904, 32.487, 5.45656
19904, 31.598, 4.65861
19904, 29.0637, 4.50361
19904, 31.1454, 6.60168
19904, 32.7292, 5.3717
19904, 31.5081, 4.88228
19904, 30.6243, 6.40612
19904, 32.0286, 5.30195
19904, 32.3127, 5.58487
19904, 32.3114, 6.00976
19904, 29.8786, 5.36097
19904, 32.4977, 6.05073
19904, 32.1478, 4.72729
19904, 30.9923, 6.29742
19904, 30.9473, 4.82738
19904, 31.2576, 6.55808
19904, 31.8697, 6.32067
19904, 31.8704, 4.53426
19904, 32.5233, 5.92653
19904, 31.9347, 5.54374
19904, 31.6712, 6.06264
19904, 32.7832, 5.529
19904, 31.0363, 4.73888
19904, 32.5227, 6.66717
19904, 31.3314, 4.8362
19904, 31.9976, 3.89655
19904, 32.3105, 4.10296
19904, 32.8137, 4.60838
19904, 33.3334, 5.92333
19904, 32.1267, 6.55113
19904, 32.3137, 6.70157
19904, 32.1263, 5.14713
19904, 32.5343, 6.39567
19904, 31.2652, 6.02754
19904, 30.4526, 5.23053
19904, 31.446, 6.3534
19904, 31.1175, 4.38827
19904, 31.9589, 4.66961
19904, 31.6575, 6.05278
19904, 32.5391, 5.94332
19904, 31.1338, 3.49949
19904, 31.1467, 5.53316
19904, 30.7765, 6.00492
19904, 31.4369, 6.75619
19904, 31.4866, 5.71009
19904, 32.8409, 5.6469
19904, 31.692, 5.34705
19904, 32.0072, 5.00809
19904, 31.3918, 5.31139
19904, 32.34, 4.82849
19904, 29.659, 7.18616
19904, 30.4195, 6.25087
19904, 32.5216, 4.35529
19904, 31.8596, 4.84993
19904, 31.4568, 7.07593
19904, 30.9502, 3.95884
19904, 31.7517, 4.26147
19904, 32.3341, 6.06013
19904, 32.1264, 5.506
19904, 31.8734, 7.51785
19904, 32.5273, 3.70527
19904, 32.4838, 5.84117
19904, 32.1841, 4.9666
19904, 31.8899, 6.3399
19904, 31.4045, 5.67719
19904, 30.1283, 6.43767
19904, 29.8303, 6.23953
19904, 32.5166, 3.43725
19904, 31.7842, 4.62829
19904, 31.9666, 5.74657
19904, 33.782, 4.55743
19904, 32.8066, 5.96675
19904, 32.3498, 5.31548
19904, 31.9205, 6.52809
19904, 31.6128, 5.64506
19904, 32.2073, 4.92538
19904, 30.8243, 5.7405
19905, 31.8217, 5.54903
19905, 31.8148, 5.48107
19905, 32.4654, 5.2319
19905, 31.4661, 4.91982
19905, 32.7498, 4.65236
19905, 30.9418, 5.89026
19905, 30.883, 6.58803
19905, 31.0695, 5.5001
19905, 32.1268, 5.24169
19905, 32.2289, 5.58585
19905, 30.3285, 6.1494
19905, 30.7242, 6.26727
19905, 31.5494, 5.96982
19905, 31.9986, 6.0452
19905, 32.5227, 5.35929
19905, 33.5761, 6.78421
19905, 31.6619, 6.95692
19905, 32.0725, 5.77099
19905, 30.8063, 5.0158
19905, 31.197, 5.40216
19905, 31.9457, 6.49796
19905, 31.5721, 4.57801
19905, 31.273, 5.76573
19905, 30.7964, 5.90348
19905, 32.2856, 4.9558
19905, 29.9964, 6.3518
19905, 31.2536, 6.36398
19905, 30.4319, 6.37873
19905, 30.9998, 6.88175
19905, 31.1852, 6.01108
19905, 30.481, 5.38728
19905, 32.0624, 5.85547
19905, 32.2529, 6.24771
19905, 31.442, 7.11602
19905, 32.0307, 5.67515
19905, 31.6003, 6.86597
19905, 31.7672, 5.76503
19905, 32.1764, 6.83796
19905, 32.0747, 5.62573
19905, 31.6761, 6.08128
19905, 31.8828, 6.29879
19905, 31.8026, 6.5817
19905, 31.9495, 6.10767
19905, 31.414, 6.7567
19905, 31.624, 6.04654
19905, 31.7371, 5.82443
19905, 31.8744, 6.30039
19905, 32.2631, 5.86408
19905, 30.0901, 5.57791
19905, 33.1778, 6.1777
19905, 32.8563, 4.61916
19905, 32.6338, 6.25262
19905, 32.2864, 5.3178
19905, 31.6041, 5.66672
19905, 33.2922, 4.8065
19905, 31.9739, 5.57159
19905, 29.7683, 5.23509
19905, 31.8995, 6.94591
19905, 32.3503, 5.32134
19905, 32.4937, 5.93918
19905, 31.596, 3.97352
19905, 31.8864, 6.34449
19905, 32.1441, 7.24991
19905, 31.6049, 5.31513
19905, 32.2324, 5.45721
19905, 32.2759, 6.42
19905, 31.9012, 6.04243
19905, 31.7285, 4.26143
19905, 31.6961, 5.51276
19905, 31.8915, 7.20679
19905, 32.5402, 5.07455
19905, 33.1773, 7.52825
19905, 32.8225, 5.85861
19905, 31.2035, 6.7271
19905, 32.4051, 3.80549
19905, 30.9637, 5.94121
19905, 30.6204, 6.4621
19905, 31.5249, 7.81317
19905, 31.4437, 4.81239
19905, 30.934, 5.42842
19905, 31.6767, 4.74871
19905, 31.9836, 7.25288
19905, 31.4168, 4.79114
19905, 31.2855, 6.72614
19905, 32.1695, 4.71667
19905, 32.7114, 6.57485
19905, 31.7698, 4.59595
19905, 30.1217, 6.44138
19905, 32.3507, 6.70824
19905, 31.5527, 7.03059
19905, 30.1057, 4.58376
19905, 31.7534, 6.33972
19905, 30.7748, 5.28646
19905, 32.9934, 6.24052
19905, 31.4222, 5.203
19905, 32.1701, 5.88382
19905, 30.7585, 6.5821
19905, 30.6286, 6.29506
19905, 32.0261, 5.82786
19905, 31.2755, 4.89672
19906, 32.9293, 5.15305
19906, 31.4765, 4.86664
19906, 31.2721, 5.00241
19906, 30.4382, 5.58723
19906, 31.7857, 5.71764
19906, 31.4396, 6.41924
19906, 32.0682, 5.21688
19906, 30.7029, 6.4871
19906, 32.4149, 6.5579
19906, 31.063, 5.87841
19906, 30.5004, 5.81583
19906, 31.7358, 6.19207
19906, 32.2152, 5.01721
19906, 31.1285, 6.02857
19906, 32.8572, 6.95867
19906, 31.8128, 7.19479
19906, 32.0062, 6.07531
19906, 31.1431, 5.29138
19906, 31.3821, 5.24565
19906, 31.1353, 7.00724
19906, 30.159, 5.39194
19906, 30.9496, 6.30491
19906, 31.6624, 5.25495
19906, 30.2665, 6.77429
19906, 30.8652, 6.71956
19906, 30.5269, 4.68231
19906, 31.6641, 5.472
19906, 31.3555, 5.06539
19906, 31.1471, 4.63462
19906, 31.6597, 6.70668
19906, 31.2834, 5.55576
19906, 30.8069, 6.4685
19906, 32.2663, 5.87862
19906, 30.9781, 5.06004
19906, 33.4621, 5.93537
19906, 30.5467, 5.48662
19906, 32.6738, 5.91392
19906, 32.026, 4.1865
19906, 31.4659, 5.2798
19906, 33.0222, 6.25325
19906, 30.2605, 6.72753
19906, 32.4335, 6.17279
19906, 32.3304, 6.08356
19906, 31.9015, 5.06652
19906, 30.7776, 4.91789
19906, 30.7737, 3.65983
19906, 30.8357, 4.90488
19906, 31.2286, 4.10716
19906, 30.7537, 7.20044
19906, 29.9943, 6.49069
19906, 32.3377, 6.49297
19906, 33.5533, 5.40599
19906, 33.5908, 6.16649
19906, 32.9366, 5.23838
19906, 31.9613, 6.71483
19906, 31.5082, 4.17044
19906, 32.9938, 7.05957
19906, 30.6252, 5.19375
19906, 32.792, 5.80853
19906, 31.0809, 5.57451
19906, 32.6161, 5.9789
19906, 30.959, 5.20208
19906, 30.5201, 5.80512
19906, 31.5367, 4.90504
19906, 30.3197, 5.33157
19906, 30.8695, 5.44134
19906, 32.274, 5.07367
19906, 30.7649, 7.23036
19906, 31.3338, 6.89067
19906, 32.3756, 5.0458
19906, 30.1542, 6.02303
19906, 32.3551, 4.99836
19906, 32.1383, 4.84542
19906, 30.8184, 4.57208
19906, 31.2108, 5.88026
19906, 32.298, 5.46801
19906, 31.9559, 3.50805
19906, 32.7434, 5.84338
19906, 33.0913, 5.37545
19906, 33.0961, 6.60324
19906, 30.8031, 5.98373
19906, 32.6233, 5.3774
19906, 31.9964, 5.66602
19906, 30.8444, 5.478
19906, 32.0411, 5.80331
19906, 31.0571, 6.2178
19906, 31.2165, 5.96506
19906, 31.5297, 4.89961
19906, 30.2508, 4.33536
19906, 31.2768, 6.23592
19906, 31.5599, 6.31679
19906, 30.8178, 5.52137
19906, 32.5014, 5.12388
19906, 31.2756, 4.42629
19906, 32.8323, 5.23354
19906, 32.8428, 5.90144
19906, 32.3679, 5.41567
19906, 31.7057, 4.19093
19906, 31.1399, 5.10136
19906, 32.4519, 6.34872
19907, 32.2692, 4.76796
19907, 31.8545, 5.63877
19907, 31.3203, 5.619
19907, 31.6735, 5.51058
19907, 33.0761, 6.25253
19907, 31.2323, 6.67237
19907, 31.2967, 6.2703
19907, 32.669, 5.17126
19907, 30.5851, 6.12426
19907, 30.2329, 4.23347
19907, 31.7702, 6.30817
19907, 31.8392, 6.4477
19907, 30.0938, 6.56655
19907, 31.3669, 4.72592
19907, 32.6125, 5.17061
19907, 32.5136, 4.94392
19907, 31.182, 5.5778
19907, 31.6809, 5.52478
19907, 31.486, 5.64053
19907, 32.6822, 5.45499
19907, 30.8074, 6.31292
19907, 30.8614, 5.70906
19907, 31.8126, 6.47984
19907, 32.0513, 6.35249
19907, 32.934, 7.42371
19907, 30.8443, 5.21162
19907, 31.4299, 5.14912
19907, 30.871, 5.51105
19907, 32.1732, 5.99734
19907, 31.3384, 5.54489
19907, 30.9242, 4.17751
19907, 31.7581, 4.71612
19907, 31.3165, 5.15994
19907, 31.5196, 5.56493
19907, 31.4371, 6.14438
19907, 31.5123, 5.91782
19907, 31.3212, 5.81096
19907, 32.1101, 6.94374
19907, 30.379, 4.83967
19907, 33.3711, 6.08813
19907, 30.7198, 4.73953
19907, 32.3138, 5.90814
19907, 32.466, 4.8171
19907, 32.312, 6.27328
19907, 30.3902, 4.66432
19907, 32.1513, 4.4319
19907, 31.6376, 4.88243
19907, 31.6618, 4.8338
19907, 31.2193, 4.17308
19907, 30.6442, 5.18244
19907, 31.3617, 5.98432
19907, 33.222, 5.91999
19907, 31.5832, 6.27471
19907, 29.4723, 4.90988
19907, 31.573, 6.69344
19907, 32.5277, 4.13289
19907, 32.6907, 5.7988
19907, 32.0787, 5.14761
19907, 32.2995, 7.66632
19907, 32.0734, 7.21794
19907, 33.1527, 5.63641
19907, 32.4461, 6.21515
19907, 31.9214, 5.18731
19907, 32.3967, 6.11411
19907, 32.1884, 6.34442
19907, 32.7594, 5.09014
19907, 31.4775, 6.6738
19907, 30.5444, 7.11795
19907, 31.1223, 7.6749
19907, 31.1087, 5.76841
19907, 32.5476, 6.14059
19907, 31.2559, 4.70607
19907, 31.5792, 5.77257
19907, 31.4971, 6.79015
19907, 32.4379, 6.12916
19907, 31.9026, 4.29273
19907, 31.4064, 5.17226
19907, 31.7634, 4.44699
19907, 31.7185, 6.00099
19907, 30.8034, 4.26802
19907, 29.9977, 5.09467
19907, 33.1745, 5.03639
19907, 31.1278, 5.44674
19907, 32.1903, 4.68226
19907, 32.3901, 4.68475
19907, 31.5901, 6.48268
19907, 31.6003, 6.9835
19907, 32.2094, 6.02902
19907, 33.4941, 5.18254
19907, 31.8472, 6.05294
19907, 32.5197, 4.76205
19907, 31.7637, 6.32308
19907, 32.2436, 5.64136
19907, 31.8928, 6.59351
19907, 32.1114, 3.73753
19907, 32.3162, 6.17672
19907, 30.8282, 4.79462
19907, 31.6228, 5.69295
19907, 32.139, 6.45259
19907, 31.8613, 6.18725
19908, 31.3283, 3.95095
19908, 29.5568, 7.18796
19908, 32.3119, 5.13622
19908, 31.0224, 5.37059
19908, 32.2834, 4.42078
19908, 31.925, 6.00248
19908, 32.4694, 5.4338
19908, 31.9982, 4.96971
19908, 32.0565, 5.30595
19908, 30.3427, 5.93635
19908, 32.0492, 4.64711
19908, 33.5359, 5.24078
19908, 31.6294, 6.41155
19908, 32.0088, 6.25686
19908, 31.6752, 4.5016
19908, 32.0548, 7.03509
19908, 31.8136, 5.85517
19908, 30.9938, 4.59234
19908, 32.6834, 5.39614
19908, 33.2392, 3.93686
19908, 30.4874, 5.82478
19908, 31.6549, 6.33451
19908, 31.5931, 5.62962
19908, 31.0337, 6.34665
19908, 31.8091, 5.97342
19908, 30.9986, 4.82768
19908, 31.8773, 7.08678
19908, 32.741, 4.59945
19908, 31.397, 6.05034
19908, 31.3721, 6.59562
19908, 31.413, 5.85017
19908, 30.1244, 5.67458
19908, 33.004, 4.87038
19908, 31.1358, 6.20104
19908, 31.7989, 6.4547
19908, 30.6734, 5.50415
19908, 33.0888, 6.35573
19908, 31.0184, 5.88007
19908, 32.7621, 6.08489
19908, 30.83, 6.90936
19908, 31.9069, 5.44003
19908, 32.2683, 5.84998
19908, 31.381, 5.02408
19908, 32.701, 5.95532
19908, 31.9184, 6.12912
19908, 31.7159, 6.81917
19908, 31.4327, 6.78193
19908, 32.8894, 5.65906
19908, 31.9768, 5.52911
19908, 31.3661, 6.56026
19908, 31.0291, 6.30171
19908, 30.8141, 6.18773
19908, 30.97, 5.87446
19908, 31.7085, 5.58081
19908, 33.1563, 6.45875
19908, 31.4573, 5.72427
19908, 32.3556, 5.12863
19908, 31.7725, 5.43819
19908, 31.2898, 6.83701
19908, 31.6355, 5.08478
19908, 30.816, 5.8517
19908, 32.3335, 5.44939
19908, 31.0716, 5.84773
19908, 31.8496, 5.28136
19908, 32.568, 5.93235
19908, 32.7548, 6.20262
19908, 31.9458, 5.11828
19908, 32.2382, 6.2183
19908, 31.7661, 7.08678
19908, 32.4274, 6.49827
19908, 31.7901, 5.95439
19908, 32.3961, 5.49773
19908, 31.3652, 3.91215
19908, 31.889, 4.85093
19908, 32.867, 5.72332
19908, 31.166, 6.45074
19908, 31.5619, 6.45032
19908, 31.574, 5.26731
19908, 31.8528, 5.56926
19908, 32.7223, 5.13944
19908, 31.8648, 5.0044
19908, 33.0171, 6.37763
19908, 31.3022, 5.56818
19908, 30.5165, 5.59747
19908, 31.4273, 4.95555
19908, 31.8593, 4.97151
19908, 31.1358, 5.46319
19908, 31.1274, 5.69396
19908, 32.1204, 6.15435
19908, 32.0092, 6.25635
19908, 31.7336, 5.58444
19908, 32.0857, 5.1549
19908, 31.4602, 5.61672
19908, 31.0925, 5.95638
19908, 31.1843, 5.90922
19908, 31.2621, 6.64682
19908, 31.9932, 5.72157
19908, 31.7269, 6.3122
19908, 31.4865, 5.09937
19908, 32.9377, 6.01897
19909, 32.1742, 4.46538
19909, 31.9486, 5.04539
19909, 33.0403, 7.61031
19909, 32.4168, 5.56478
19909, 32.2036, 5.72489
19909, 30.5908, 5.20467
19909, 30.9193, 4.43838
19909, 30.3035, 5.94559
19909, 32.119, 6.17629
19909, 32.9885, 6.48107
19909, 32.0012, 6.10077
19909, 31.4887, 5.75028
19909, 30.4473, 5.74339
19909, 32.2874, 5.32927
19909, 31.286, 5.35911
19909, 31.3627, 4.98187
19909, 32.5818, 5.84201
19909, 31.5316, 6.08008
19909, 31.441, 5.56233
19909, 32.5339, 5.62326
19909, 30.3448, 6.3451
19909, 31.9488, 6.83667
19909, 32.9098, 5.50643
19909, 31.2325, 6.78203
19909, 32.1438, 7.1113
19909, 31.5736, 6.34362
19909, 31.6636, 6.69056
19909, 32.2791, 5.32414
19909, 31.0235, 4.56847
19909, 32.2864, 7.61456
19909, 32.8681, 5.30069
19909, 31.5308, 6.10628
19909, 31.8121, 5.037
19909, 32.2269, 4.9949
19909, 31.1386, 6.58103
19909, 30.4258, 5.95487
19909, 32.0021, 6.24002
19909, 30.4831, 5.77661
19909, 31.8692, 6.09037
19909, 32.0422, 4.4861
19909, 31.6336, 5.92334
19909, 32.974, 5.28943
19909, 30.4715, 7.23305
19909, 31.2492, 6.28004
19909, 30.3726, 4.92224
19909, 34.3016, 5.56374
19909, 31.3606, 4.84728
19909, 31.717, 5.7526
19909, 32.2878, 5.5969
19909, 30.3501, 5.46284
19909, 31.341, 7.04735
19909, 31.4915, 5.05819
19909, 31.0455, 5.28877
19909, 32.4131, 6.41017
19909, 31.4106, 5.17355
19909, 31.7039, 6.13037
19909, 33.7831, 5.69939
19909, 31.7578, 5.24889
19909, 32.5585, 5.80659
19909, 32.4697, 5.0486
19909, 32.5496, 4.74121
19909, 33.3641, 5.33031
19909, 31.9127, 6.19666
19909, 32.9165, 4.88544
19909, 32.1859, 6.75974
19909, 32.9009, 5.97617
19909, 30.8813, 6.11714
19909, 32.0554, 5.76395
19909, 30.6737, 5.85656
19909, 31.2709, 5.49486
19909, 31.2464, 6.0633
19909, 32.6712, 6.87881
19909, 32.2466, 5.221
19909, 31.8737, 6.17924
19909, 30.5903, 7.09547
19909, 32.2025, 4.39379
19909, 33.2316, 4.84152
19909, 31.1349, 5.93518
19909, 31.6951, 5.47253
19909, 30.993, 5.49781
19909, 32.6222, 5.12007
19909, 31.287, 6.19377
19909, 30.6524, 7.38566
19909, 31.9628, 4.90526
19909, 32.4633, 6.30076
19909, 32.2296, 6.5247
19909, 32.0806, 5.19324
19909, 31.376, 6.19328
19909, 30.9242, 7.44437
19909, 32.4255, 6.29626
19909, 31.0057, 4.52809
19909, 32.3267, 5.28306
19909, 31.3046, 5.58778
19909, 31.3335, 5.69993
19909, 30.5323, 5.03465
19909, 32.0374, 6.56248
19909, 31.5475, 6.42674
19909, 31.2021, 6.22912
19909, 32.7698, 7.50053
19909, 33.1666, 5.82343
19910, 31.5357, 3.22856
19910, 31.6578, 4.93412
19910, 31.6604, 5.34506
19910, 31.9123, 5.32076
19910, 32.0792, 4.77943
19910, 32.7879, 7.08788
19910, 31.3703, 5.56474
19910, 30.9618, 4.68332
19910, 32.5068, 5.63391
19910, 32.3521, 3.79704
19910, 31.8716, 5.03421
19910, 30.8405, 5.84157
19910, 31.9877, 5.85426
19910, 32.4714, 5.81217
19910, 32.2219, 7.59244
19910, 31.9869, 5.34521
19910, 31.5745, 6.55334
19910, 30.287, 4.71601
19910, 31.9341, 6.45834
19910, 30.737, 6.00339
19910, 33.6994, 4.66528
19910, 31.4615, 6.98601
19910, 31.6762, 5.96525
19910, 31.2823, 6.44168
19910, 30.8297, 5.79074
19910, 32.1083, 4.81873
19910, 31.3154, 5.63373
19910, 32.468, 6.66766
19910, 31.9388, 6.28745
19910, 30.1654, 4.82095
19910, 32.555, 5.835
19910, 31.5074, 5.08191
19910, 31.6868, 6.21571
19910, 33.0987, 5.65945
19910, 32.3946, 5.53156
19910, 30.9935, 4.5253
19910, 32.3443, 7.03969
19910, 32.4408, 5.57362
19910, 31.4714, 4.96122
19910, 31.6472, 5.42223
19910, 31.326, 4.63663
19910, 31.53, 5.25176
19910, 31.628, 4.81948
19910, 32.5533, 5.30652
19910, 30.8775, 6.02539
19910, 31.7886, 4.18987
19910, 32.4769, 7.28703
19910, 33.4643, 5.48406
19910, 31.1199, 4.64802
19910, 32.7006, 5.01185
19910, 31.8343, 6.79503
19910, 30.4182, 6.0132
19910, 33.0933, 5.10337
19910, 30.2837, 4.98943
19910, 32.6789, 4.59091
19910, 32.1858, 6.91344
19910, 31.6655, 5.01248
19910, 33.3288, 5.61876
19910, 32.8914, 5.67953
19910, 31.1863, 5.28991
19910, 32.036, 5.68353
19910, 32.6037, 5.26702
19910, 31.7331, 5.50809
19910, 30.3792, 4.96509
19910, 31.0721, 5.9918
19910, 32.3321, 6.31732
19910, 32.008, 4.83838
19910, 32.6998, 6.75098
19910, 31.0851, 5.31337
19910, 30.1967, 5.94494
19910, 31.57, 5.92169
19910, 32.8303, 6.36573
19910, 31.8206, 5.18482
19910, 32.9828, 7.98153
19910, 32.357, 5.02665
19910, 32.1528, 5.35371
19910, 32.2681, 5.05392
19910, 31.851, 5.50425
19910, 31.6018, 4.95784
19910, 31.5745, 4.6918
19910, 32.2476, 5.23063
19910, 32.2798, 5.0506
19910, 31.8062, 5.96923
19910, 31.9004, 4.893
19910, 29.8621, 5.5351
19910, 31.9026, 7.32329
19910, 32.3554, 5.73875
19910, 33.1202, 4.72639
19910, 32.6278, 5.6486
19910, 30.4873, 6.82196
19910, 31.9756, 6.55565
19910, 31.1565, 5.23299
19910, 32.5238, 6.05189
19910, 30.283, 5.64133
19910, 33.2791, 5.56704
19910, 33.2525, 6.10667
19910, 30.7847, 5.46563
19910, 31.0986, 6.06775
19910, 32.8353, 5.76804
19910, 31.8117, 5.75877
19911, 31.514, 4.93536
19911, 31.7543, 5.24507
19911, 32.5966, 6.15582
19911, 31.5888, 5.10753
19911, 31.0066, 5.04621
19911, 30.8596, 6.93345
19911, 31.2088, 6.53383
19911, 30.6389, 6.78696
19911, 32.3464, 5.91278
19911, 33.0377, 5.57961
19911, 31.3222, 5.61967
19911, 32.8177, 6.51357
19911, 31.2305, 3.86937
19911, 31.3864, 5.11299
19911, 31.0031, 6.10402
19911, 31.6042, 5.77505
19911, 32.05, 5.71005
19911, 32.2657, 6.47769
19911, 30.6451, 6.0906
19911, 32.5267, 5.92288
19911, 30.5593, 5.59878
19911, 32.4505, 6.30788
19911, 32.1746, 6.01098
19911, 32.2435, 5.73844
19911, 32.9864, 5.23359
19911, 33.5269, 4.51093
19911, 32.112, 5.63672
19911, 31.7404, 7.00302
19911, 32.2707, 6.53062
19911, 32.2593, 6.18537
19911, 32.37, 5.15991
19911, 32.1147, 5.12109
19911, 31.3241, 5.47112
19911, 32.1239, 5.1567
19911, 32.3116, 5.9059
19911, 32.7886, 5.68212
19911, 31.578, 6.14706
19911, 30.4903, 5.94704
19911, 32.0191, 5.11034
19911, 31.3763, 6.45955
19911, 30.5831, 6.61092
19911, 33.5411, 6.43827
19911, 33.6358, 4.97986
19911, 33.2792, 5.63362
19911, 31.9959, 6.05754
19911, 31.6892, 5.0887
19911, 30.1032, 6.50072
19911, 33.1834, 6.18301
19911, 30.5243, 4.60841
19911, 31.2991, 7.09136
19911, 33.3473, 5.19557
19911, 32.5362, 6.2791
19911, 31.1183, 6.00156
19911, 32.1434, 5.35668
19911, 33.5269, 6.44549
19911, 31.7078, 4.87129
19911, 31.4367, 6.45736
19911, 32.7546, 5.4982
19911, 33.1594, 5.65393
19911, 30.843, 5.30903
19911, 31.4104, 6.18871
19911, 31.963, 5.55713
19911, 31.9783, 5.36519
19911, 30.7624, 6.53436
19911, 30.971, 5.66355
19911, 31.8252, 5.79879
19911, 32.1458, 4.46658
19911, 32.8596, 6.29808
19911, 32.1049, 6.54909
19911, 31.3204, 5.55424
19911, 31.513, 5.28725
19911, 31.4959, 5.66629
19911, 31.0, 4.61754
19911, 32.4324, 3.88066
19911, 31.2168, 5.82419
19911, 31.8165, 4.54759
19911, 30.8041, 4.77002
19911, 32.0803, 7.19673
19911, 32.6825, 6.15129
19911, 30.5739, 5.21786
19911, 32.9888, 6.76548
19911, 31.5812, 5.15171
19911, 31.5283, 5.04895
19911, 32.2415, 5.67996
19911, 33.4913, 5.47084
19911, 30.9655, 6.21612
19911, 31.9924, 5.78729
19911, 30.9072, 6.94509
19911, 33.3438, 6.90359
19911, 31.751, 5.29292
19911, 31.5989, 5.64321
19911, 32.0317, 3.548
19911, 31.5859, 5.934
19911, 32.9873, 4.43598
19911, 29.7881, 5.56798
19911, 32.6831, 5.34385
19911, 33.0847, 5.52163
19911, 31.9038, 5.5509
19911, 31.5016, 5.13285
19911, 30.0292, 6.49551
19912, 29.7028, 6.42224
19912, 32.5219, 5.34298
19912, 31.5225, 5.69742
19912, 30.6852, 6.67354
19912, 30.5163, 6.33821
19912, 33.0442, 7.06044
19912, 31.9056, 6.47105
19912, 31.5222, 5.22852
19912, 32.0863, 5.44937
19912, 31.9331, 6.17506
19912, 30.906, 5.67055
19912, 29.831, 5.49232
19912, 32.1591, 5.9434
19912, 31.6759, 6.71512
19912, 30.5052, 6.32211
19912, 30.9888, 6.31282
19912, 31.3621, 5.64925
19912, 31.9831, 6.57192
19912, 29.928, 4.70771
19912, 32.6361, 5.04434
19912, 32.028, 5.13959
19912, 31.4269, 4.91735
19912, 32.0849, 6.51393
19912, 30.9586, 4.7487
19912, 31.7688, 5.29968
19912, 31.1163, 6.06548
19912, 32.3158, 6.09278
19912, 30.3347, 7.01626
19912, 31.2611, 5.99058
19912, 30.8502, 4.94764
19912, 31.999, 5.64213
19912, 30.9934, 6.05891
19912, 31.6884, 5.54132
19912, 31.4354, 5.12041
19912, 30.1179, 6.25713
19912, 32.1282, 5.66816
19912, 31.4065, 5.46404
19912, 30.8236, 6.54107
19912, 31.2012, 6.0536
19912, 31.7497, 6.09216
19912, 31.8081, 6.15237
19912, 30.8401, 5.59856
19912, 30.751, 4.36613
19912, 32.2028, 4.80622
19912, 30.9282, 5.79082
19912, 32.0578, 5.05651
19912, 32.1922, 5.7456
19912, 31.8031, 6.69148
19912, 32.5067, 6.26401
19912, 32.9629, 5.61247
19912, 32.4206, 5.66529
19912, 31.7763, 6.46924
19912, 31.4268, 5.68154
19912, 32.9754, 6.34629
19912, 32.7973, 5.54215
19912, 31.4107, 5.9135
19912, 31.6142, 5.21598
19912, 30.7303, 5.03422
19912, 31.1278, 6.00088
19912, 31.5366, 5.59532
19912, 31.9978, 5.03096
19912, 31.5098, 5.65137
19912, 31.8431, 7.57797
19912, 31.9356, 5.37935
19912, 31.6381, 6.11386
19912, 32.4418, 5.95313
19912, 32.5221, 5.55126
19912, 33.0754, 5.27341
19912, 31.4514, 6.36303
19912, 31.4859, 5.14138
19912, 31.59, 5.06886
19912, 31.9477, 5.82154
19912, 32.3448, 4.61188
19912, 31.4406, 5.47795
19912, 31.0432, 7.00645
19912, 29.7976, 5.66767
19912, 31.6159, 6.39788
19912, 33.9388, 5.77442
19912, 31.7704, 6.56639
19912, 31.6174, 6.67668
19912, 33.1546, 5.19453
19912, 31.2899, 6.26039
19912, 32.4881, 5.41558
19912, 31.0107, 7.44685
19912, 32.0808, 6.55804
19912, 31.4743, 6.2143
19912, 31.2327, 4.89235
19912, 33.1777, 5.22997
19912, 31.7069, 7.03849
19912, 29.7493, 5.37824
19912, 31.183, 5.81101
19912, 31.4215, 5.74298
19912, 31.4403, 4.11807
19912, 32.3147, 5.97938
19912, 33.3732, 6.24495
19912, 31.4676, 6.0277
19912, 32.8321, 5.54515
19912, 32.3794, 4.57667
19912, 31.1876, 3.7307
19912, 30.102, 5.77036
19913, 31.908, 4.93806
19913, 31.7566, 6.15618
19913, 32.6873, 5.70766
19913, 30.8754, 6.36932
19913, 31.4937, 5.41273
19913, 31.6848, 7.00411
19913, 30.572, 5.76979
19913, 30.8536, 5.90295
19913, 31.5222, 5.33198
19913, 31.2417, 6.33098
19913, 30.9102, 5.94263
19913, 31.0461, 6.6139
19913, 30.6954, 6.29796
19913, 30.8764, 5.6326
19913, 30.122, 6.51021
19913, 31.964, 5.11484
19913, 31.6952, 4.31339
19913, 31.9692, 5.30925
19913, 31.7167, 5.8318
19913, 32.3865, 5.31907
19913, 31.3138, 5.91157
19913, 31.3472, 5.57257
19913, 30.4882, 5.5254
19913, 33.2207, 5.97887
19913, 30.5095, 6.63498
19913, 30.6624, 6.08392
19913, 31.4046, 5.44678
19913, 33.2238, 6.87028
19913, 30.9861, 6.56337
19913, 32.8472, 6.04814
19913, 32.0418, 4.99802
19913, 31.2092, 6.52463
19913, 33.804, 5.38259
19913, 32.9499, 6.1852
19913, 31.2402, 6.23476
19913, 30.8187, 5.84848
19913, 31.563, 6.38276
19913, 31.5543, 4.48453
19913, 33.46, 3.50602
19913, 30.2354, 4.30932
19913, 32.7662, 5.26972
19913, 32.1169, 6.16119
19913, 32.3429, 6.38862
19913, 31.2627, 5.26869
19913, 32.2344, 6.83796
19913, 31.4199, 4.1066
19913, 32.0188, 6.16033
19913, 30.2921, 5.7997
19913, 31.1865, 5.34678
19913, 32.7228, 5.19722
19913, 30.096, 5.52617
19913, 32.5358, 4.65809
19913, 31.5853, 5.30406
19913, 30.717, 5.2618
19913, 32.481, 4.35947
19913, 33.3999, 4.52594
19913, 32.9956, 5.58039
19913, 31.4281, 6.6084
19913, 31.5395, 5.07048
19913, 31.6854, 5.39319
19913, 29.9101, 6.17046
19913, 31.5087, 5.91111
19913, 33.1415, 5.92937
19913, 32.1071, 5.07292
19913, 31.5484, 5.76832
19913, 31.6295, 5.43055
19913, 30.6881, 6.26652
19913, 31.2737, 5.96701
19913, 32.0078, 5.7121
19913, 30.9695, 6.10157
19913, 31.0838, 5.79151
19913, 31.5243, 5.41812
19913, 30.9502, 5.13805
19913, 31.312, 5.94954
19913, 30.7602, 5.63953
19913, 32.2765, 4.91099
19913, 29.9507, 4.77347
19913, 32.5653, 5.76276
19913, 31.2494, 4.1804
19913, 32.258, 5.19944
19913, 31.978, 7.43166
19913, 31.5311, 5.5942
19913, 32.2214, 5.37485
19913, 31.7797, 5.93904
19913, 30.8982, 5.44366
19913, 31.6238, 6.04681
19913, 30.8992, 4.54436
19913, 32.5177, 5.6188
19913, 30.4806, 6.69059
19913, 31.8998, 4.25836
19913, 32.3115, 6.53381
19913, 32.3753, 5.38208
19913, 31.4679, 5.10603
19913, 31.53, 6.21834
19913, 31.6229, 6.06399
19913, 31.4775, 5.22261
19913, 32.0011, 5.89867
19913, 30.8455, 5.61542
19913, 31.3945, 4.8254
19913, 32.346, 6.91843
19914, 32.1351, 5.24995
19914, 32.206, 6.0964
19914, 32.473, 5.94611
19914, 31.6565, 6.37495
19914, 31.5346, 6.19497
19914, 30.36, 5.5685
19914, 30.7886, 6.84577
19914, 32.932, 5.67334
19914, 31.3423, 6.3554
19914, 33.1447, 5.51865
19914, 32.5868, 5.91433
19914, 31.1105, 4.91815
19914, 32.0783, 4.51499
19914, 32.0542, 6.90111
19914, 31.2053, 4.91232
19914, 33.3247, 5.58325
19914, 31.1189, 5.34841
19914, 31.051, 5.75822
19914, 31.816, 5.13569
19914, 30.8667, 5.72296
19914, 31.871, 5.73629
19914, 31.4807, 6.29727
19914, 31.25, 5.71648
19914, 31.1511, 6.19851
19914, 32.1809, 5.56542
19914, 31.3275, 5.2505
19914, 31.5419, 6.84209
19914, 32.0899, 6.61998
19914, 31.7279, 5.32296
19914, 31.847, 5.02344
19914, 31.4818, 4.80585
19914, 30.8758, 6.04007
19914, 31.2892, 6.23603
19914, 33.362, 6.41566
19914, 31.1916, 7.70105
19914, 32.4718, 4.8531
19914, 30.908, 5.29815
19914, 32.2234, 5.69915
19914, 31.9516, 6.00402
19914, 32.2123, 5.40283
19914, 30.7857, 4.88991
19914, 30.3918, 6.32143
19914, 31.7486, 5.55964
19914, 30.2855, 4.46107
19914, 33.0241, 6.17973
19914, 31.364, 5.12975
19914, 31.8973, 4.06349
19914, 32.3883, 6.00227
19914, 30.2457, 5.04467
19914, 31.9601, 7.08822
19914, 30.9199, 3.48464
19914, 32.1885, 5.27854
19914, 31.5852, 6.33523
19914, 30.4142, 5.76181
19914, 31.1391, 5.7522
19914, 33.1457, 5.15639
19914, 32.6514, 4.23188
19914, 32.8076, 4.81509
19914, 31.9281, 6.47644
19914, 32.1305, 4.7975
19914, 31.07, 4.84365
19914, 32.3341, 4.84978
19914, 32.269, 7.17821
19914, 31.4703, 5.05963
19914, 33.0924, 5.70458
19914, 32.0182, 6.91531
19914, 32.0095, 4.37189
19914, 30.9, 4.95276
19914, 31.2351, 7.19619
19914, 30.6954, 6.575
19914, 30.7766, 6.81666
19914, 31.2831, 5.04981
19914, 29.8561, 4.15396
19914, 32.218, 4.17795
19914, 31.8192, 5.18838
19914, 32.6228, 6.5816
19914, 31.6973, 4.15314
19914, 31.0131, 5.44772
19914, 31.649, 5.94743
19914, 31.1425, 4.88252
19914, 32.1704, 4.9408
19914, 31.0879, 6.1309
19914, 32.6619, 3.42932
19914, 29.9275, 6.45629
19914, 32.4493, 6.69433
19914, 31.6514, 5.51145
19914, 31.8017, 6.50511
19914, 32.7417, 3.95372
19914, 31.2329, 6.6743
19914, 31.0696, 4.55911
19914, 32.0653, 5.57236
19914, 31.309, 5.60997
19914, 31.053, 5.02781
19914, 30.5828, 4.90444
19914, 31.6579, 5.52467
19914, 31.1361, 4.31335
19914, 31.6317, 6.27202
19914, 32.0302, 4.08026
19914, 31.3459, 5.93865
19914, 31.2814, 5.5301
19915, 32.3358, 5.07865
19915, 29.8568, 6.63534
19915, 32.2948, 5.97802
19915, 31.2733, 4.6196
19915, 33.0772, 5.04002
19915, 30.735, 6.15298
19915, 31.5025, 5.51546
19915, 32.7238, 5.03547
19915, 32.9382, 5.54626
19915, 31.8719, 5.27824
19915, 32.485, 6.42919
19915, 30.7768, 4.19705
19915, 31.3925, 5.57075
19915, 31.8224, 4.61241
19915, 31.7315, 4.68115
19915, 32.0355, 5.99425
19915, 32.1229, 6.12676
19915, 30.7561, 4.75842
19915, 31.2377, 5.24162
19915, 32.2791, 5.03307
19915, 31.6888, 4.585
19915, 31.4955, 6.47166
19915, 32.8282, 5.96862
19915, 31.1093, 5.81025
19915, 32.1123, 5.43571
19915, 30.5042, 4.37344
19915, 33.1458, 4.67532
19915, 31.1503, 3.27275
19915, 31.0556, 4.17323
19915, 30.4297, 5.38692
19915, 31.0523, 5.48254
19915, 32.0967, 5.34632
19915, 31.7283, 6.25345
19915, 32.0163, 6.75894
19915, 32.449, 5.87494
19915, 32.0875, 5.86758
19915, 32.2227, 6.31227
19915, 31.438, 5.27935
19915, 32.7141, 5.57481
19915, 31.7212, 6.7322
19915, 30.9912, 4.98108
19915, 31.3122, 5.80656
19915, 31.6542, 5.41235
19915, 32.2769, 5.44825
19915, 33.0956, 6.16685
19915, 31.9844, 4.45648
19915, 31.0934, 5.65431
19915, 29.941, 4.95383
19915, 32.9464, 5.01799
19915, 31.7277, 5.76925
19915, 30.9592, 5.03291
19915, 32.6725, 6.10773
19915, 32.5115, 6.06547
19915, 31.392, 6.91596
19915, 30.869, 5.77084
19915, 30.7545, 5.44278
19915, 30.4603, 5.66509
19915, 31.7208, 6.30225
19915, 31.601, 5.9814
19915, 31.3843, 5.38143
19915, 31.8505, 5.63285
19915, 31.3229, 6.6584
19915, 31.2247, 4.49895
19915, 31.1583, 4.81993
19915, 31.7569, 5.36754
19915, 31.5456, 4.96749
19915, 32.0211, 4.84756
19915, 32.3389, 6.61063
19915, 30.4894, 6.00041
19915, 31.8313, 6.11119
19915, 31.3914, 5.17621
19915, 30.832, 6.05046
19915, 32.6846, 5.14181
19915, 31.4397, 5.3438
19915, 32.3838, 7.89887
19915, 31.8288, 5.57415
19915, 31.4937, 5.21953
19915, 31.3836, 5.35457
19915, 31.7317, 5.6884
19915, 31.2947, 7.3152
19915, 31.1122, 6.73713
19915, 31.1488, 6.32546
19915, 31.9264, 6.59283
19915, 31.176, 5.81597
19915, 32.4334, 5.83673
19915, 31.1294, 5.57103
19915, 31.913, 4.95634
19915, 31.4373, 6.53563
19915, 32.8244, 4.80937
19915, 32.4885, 5.02037
19915, 32.89, 5.36537
19915, 31.8148, 5.86342
19915, 32.6828, 5.71417
19915, 31.807, 4.73038
19915, 32.0524, 4.44256
19915, 30.3085, 4.90196
19915, 31.8544, 5.94532
19915, 33.1252, 4.54875
19915, 31.4761, 6.67772
19915, 30.9096, 5.32837
19916, 31.5459, 5.08245
19916, 31.1692, 6.03441
19916, 31.3207, 6.83371
19916, 31.4182, 5.83105
19916, 31.6896, 4.00505
19916, 32.7721, 5.67894
19916, 31.5908, 6.49912
19916, 32.0161, 5.66754
19916, 31.1196, 5.23238
19916, 33.4217, 4.96708
19916, 31.0248, 7.7684
19916, 32.2353, 5.45634
19916, 32.686, 5.85702
19916, 31.4838, 5.91833
19916, 32.0692, 6.17752
19916, 31.8223, 6.88118
19916, 31.52, 6.30905
19916, 31.5179, 4.81119
19916, 31.9229, 4.89395
19916, 31.6813, 6.21127
19916, 30.9645, 6.93359
19916, 31.5606, 4.91409
19916, 32.0444, 4.57499
19916, 33.056, 6.09673
19916, 30.6263, 6.07813
19916, 31.4049, 6.69322
19916, 32.3748, 4.30789
19916, 32.892, 6.74472
19916, 29.8605, 5.16984
19916, 30.0565, 6.97453
19916, 30.7415, 5.96842
19916, 31.6757, 5.77628
19916, 32.1671, 5.9361
19916, 31.8496, 5.50625
19916, 32.7599, 6.20706
19916, 31.243, 6.78178
19916, 31.9997, 4.83465
19916, 33.1483, 5.35721
19916, 32.2812, 4.90371
19916, 29.8463, 5.46951
19916, 32.9204, 5.3596
19916, 32.6614, 7.58566
19916, 30.6337, 6.62714
19916, 30.1584, 5.98016
19916, 33.3095, 5.59577
19916, 30.6027, 5.42953
19916, 31.616, 6.49148
19916, 32.532, 4.97641
19916, 33.2584, 5.05903
19916, 31.2283, 5.3189
19916, 30.0114, 5.11065
19916, 32.4392, 5.9514
19916, 32.2607, 5.03077
19916, 31.7243, 5.8311
19916, 32.6362, 5.19079
19916, 32.403, 5.2995
19916, 32.5173, 4.69136
19916, 31.2929, 5.87762
19916, 33.1979, 5.96871
19916, 30.3836, 4.86414
19916, 32.9313, 6.10161
19916, 32.638, 5.13028
19916, 31.178, 4.5875
19916, 31.5683, 5.90161
19916, 30.9352, 5.69894
19916, 30.815, 5.72852
19916, 32.2479, 6.89064
19916, 31.7359, 6.31737
19916, 33.1502, 4.15388
19916, 32.2698, 5.483
19916, 31.5879, 5.79152
19916, 31.1748, 5.34186
19916, 30.4973, 4.32451
19916, 31.8634, 5.91796
19916, 32.3897, 4.60722
19916, 31.1399, 5.9152
19916, 33.3839, 4.32378
19916, 31.4515, 5.93048
19916, 32.37, 6.40221
19916, 31.5338, 5.85185
19916, 31.3552, 5.28814
19916, 32.4848, 6.38886
19916, 32.363, 4.68844
19916, 31.3449, 5.53293
19916, 30.5725, 6.02009
19916, 32.2851, 4.69998
19916, 31.7465, 3.92982
19916, 32.6703, 5.52088
19916, 31.9142, 5.54706
19916, 31.7414, 7.12441
19916, 31.5178, 4.19721
19916, 32.6464, 6.50125
19916, 31.1663, 4.33901
19916, 31.8962, 6.64853
19916, 32.2823, 5.22745
19916, 34.4295, 4.26903
19916, 32.678, 5.12931
19916, 32.6915, 7.95345
19916, 32.4482, 4.87712
19916, 30.6519, 5.63276
19917, 33.2601, 6.35392
19917, 32.2358, 5.87631
19917, 30.8163, 7.42949
19917, 31.984, 5.3808
19917, 32.3425, 4.6508
19917, 31.3979, 5.1014
19917, 30.4021, 6.56677
19917, 32.4873, 5.40198
19917, 31.4861, 5.33489
19917, 31.0947, 5.87188
19917, 31.8371, 6.41223
19917, 30.7888, 3.85916
19917, 32.4301, 4.81543
19917, 31.1652, 4.91541
19917, 31.6216, 5.30092
19917, 32.5134, 5.70226
19917, 30.9921, 5.405
19917, 31.7858, 6.41816
19917, 31.3138, 5.32375
19917, 29.7231, 6.39163
19917, 32.3107, 4.1157
19917, 31.2418, 6.62533
19917, 31.8288, 5.61295
19917, 30.6617, 6.86351
19917, 32.0592, 5.64544
19917, 31.6405, 5.74836
19917, 31.4436, 4.55929
19917, 31.5057, 4.51046
19917, 32.2707, 5.16346
19917, 32.4572, 5.92099
19917, 31.6122, 5.01575
19917, 31.6181, 4.0205
19917, 31.2227, 5.38182
19917, 33.038, 6.30045
19917, 32.3668, 5.59648
19917, 30.0282, 6.12429
19917, 32.2772, 4.79443
19917, 31.4789, 4.82756
19917, 31.5219, 4.73274
19917, 31.6901, 6.11604
19917, 31.2833, 4.74327
19917, 32.2225, 5.69699
19917, 31.1468, 4.65675
19917, 30.8702, 6.41423
19917, 31.4626, 5.48555
19917, 31.5907, 5.44861
19917, 32.0716, 4.88057
19917, 31.8865, 5.25362
19917, 31.4542, 4.59666
19917, 32.1092, 5.95431
19917, 30.597, 4.69474
19917, 32.218, 6.30235
19917, 32.5573, 6.41851
19917, 31.1289, 5.74949
19917, 32.9224, 4.24956
19917, 32.3543, 5.5149
19917, 31.279, 6.37526
19917, 30.8979, 4.12033
19917, 30.8989, 5.35952
19917, 31.2494, 6.86025
19917, 30.9199, 5.57506
19917, 33.5066, 6.18475
19917, 31.5577, 5.45781
19917, 32.681, 5.83742
19917, 32.0202, 5.31473
19917, 31.0889, 7.07745
19917, 31.0366, 4.75596
19917, 31.3158, 5.01783
19917, 30.9253, 5.68548
19917, 31.896, 5.05143
19917, 29.607, 5.93112
19917, 31.6846, 7.12383
19917, 31.9508, 6.10246
19917, 31.4894, 6.0794
19917, 32.2351, 5.94702
19917, 32.6325, 5.67715
19917, 32.8849, 6.48652
19917, 33.0679, 6.5777
19917, 31.1879, 5.76766
19917, 31.6822, 4.58752
19917, 32.3725, 7.24533
19917, 30.9729, 6.78073
19917, 31.2931, 6.36441
19917, 31.4517, 6.6756
19917, 31.5841, 6.69105
19917, 31.0304, 6.40395
19917, 32.3902, 5.58321
19917, 30.4863, 5.18677
19917, 31.3584, 5.17345
19917, 32.2349, 5.51705
19917, 30.5682, 5.93702
19917, 33.2233, 5.12974
19917, 30.574, 6.60939
19917, 31.6122, 6.21572
19917, 32.0576, 6.53456
19917, 31.2176, 6.62377
19917, 33.2904, 4.46238
19917, 34.3128, 5.30342
19917, 31.135, 4.91726
19917, 32.9648, 6.21351
19918, 32.1481, 6.23331
19918, 30.7912, 4.03366
19918, 33.0097, 5.11747
19918, 31.7856, 5.99228
19918, 30.8425, 6.20026
19918, 32.1028, 4.88659
19918, 32.8978, 6.40978
19918, 32.5122, 3.87142
19918, 31.5187, 6.00691
19918, 32.2865, 5.47618
19918, 31.2159, 5.59088
19918, 32.1068, 5.85286
19918, 31.1129, 6.67329
19918, 32.5484, 4.73732
19918, 31.4874, 6.10061
19918, 30.8176, 5.45583
19918, 30.5843, 5.69557
19918, 32.3489, 7.64901
19918, 32.7573, 5.50221
19918, 32.4038, 6.09244
19918, 32.8617, 4.87286
19918, 32.549, 5.73771
19918, 32.3464, 5.33919
19918, 30.2743, 4.51399
19918, 32.4416, 6.01763
19918, 31.5313, 4.90634
19918, 33.019, 4.76222
19918, 31.4987, 4.55498
19918, 32.3047, 5.55422
19918, 33.3606, 5.5088
19918, 33.1221, 4.76915
19918, 33.1824, 5.3015
19918, 31.8186, 6.92088
19918, 30.9992, 5.62022
19918, 31.7256, 4.3321
19918, 33.0893, 5.7612
19918, 32.0103, 5.16783
19918, 30.9644, 6.17263
19918, 32.6861, 5.34607
19918, 31.6021, 6.05179
19918, 31.2549, 6.33848
19918, 31.4957, 6.02104
19918, 32.6893, 5.91564
19918, 30.9405, 5.03554
19918, 30.8932, 4.16234
19918, 31.2695, 6.15203
19918, 32.0464, 3.99429
19918, 31.5854, 6.48051
19918, 31.9991, 5.54933
19918, 31.5456, 5.02084
19918, 30.8881, 5.66723
19918, 32.531, 5.96825
19918, 32.3479, 5.65472
19918, 32.1992, 6.36546
19918, 32.5823, 5.31654
19918, 33.1355, 4.93546
19918, 31.7744, 6.35467
19918, 32.1986, 6.48842
19918, 31.4278, 4.07699
19918, 32.4523, 7.05834
19918, 31.9563, 5.95273
19918, 33.0561, 4.99318
19918, 31.6148, 5.94791
19918, 31.5517, 5.6089
19918, 31.0568, 7.43947
19918, 31.7648, 4.72854
19918, 30.8273, 4.79337
19918, 30.945, 6.63503
19918, 31.0785, 5.60371
19918, 32.1412, 5.46477
19918, 29.9107, 4.47497
19918, 31.9974, 4.76602
19918, 31.533, 5.6386
19918, 31.8301, 5.00567
19918, 31.861, 6.11788
19918, 31.7956, 5.71967
19918, 32.5438, 5.05739
19918, 31.5854, 5.35112
19918, 30.6294, 6.29934
19918, 31.2865, 4.80462
19918, 32.125, 5.53969
19918, 33.199, 5.75656
19918, 31.9099, 5.36686
19918, 32.1858, 5.94961
19918, 31.2532, 5.02606
19918, 30.6648, 6.51547
19918, 31.8983, 5.45968
19918, 31.9288, 5.31337
19918, 31.2142, 5.9106
19918, 30.3936, 5.60476
19918, 30.458, 5.29923
19918, 32.0881, 6.15976
19918, 30.7169, 5.30661
19918, 31.9764, 4.54758
19918, 32.2574, 5.79345
19918, 32.281, 7.3742
19918, 31.1104, 6.47497
19918, 32.405, 5.42427
19918, 31.7546, 4.70718
19918, 32.1655, 4.18209
19919, 32.0447, 4.96061
19919, 31.4174, 5.87623
19919, 31.464, 5.37075
19919, 31.3654, 5.9674
19919, 31.6452, 5.30897
19919, 31.5139, 4.20772
19919, 32.1073, 3.47644
19919, 32.0846, 6.31074
19919, 30.5136, 6.14009
19919, 30.9128, 5.28113
19919, 30.8563, 5.67864
19919, 31.4688, 4.63578
19919, 31.1509, 6.44207
19919, 32.4008, 5.63251
19919, 32.9441, 4.66039
19919, 31.1008, 5.19368
19919, 31.5003, 3.95641
19919, 32.5243, 6.91213
19919, 32.0995, 4.03508
19919, 30.3172, 5.58437
19919, 32.8823, 5.06482
19919, 32.7668, 5.97791
19919, 33.5198, 4.66409
19919, 31.751, 5.21341
19919, 29.8897, 4.85855
19919, 32.4308, 5.6515
19919, 31.2116, 5.61579
19919, 31.7198, 7.87491
19919, 31.9627, 5.73237
19919, 32.0734, 5.1157
19919, 30.9642, 5.92304
19919, 30.7094, 5.2727
19919, 31.3791, 5.72065
19919, 31.5427, 5.56827
19919, 33.246, 5.17063
19919, 31.9396, 5.92619
19919, 30.9566, 5.07922
19919, 32.1777, 6.08005
19919, 31.0196, 5.19913
19919, 32.5984, 4.59414
19919, 31.3458, 5.93934
19919, 32.7522, 6.52433
19919, 31.7813, 5.88274
19919, 32.8839, 6.63267
19919, 31.6498, 6.1414
19919, 30.7245, 4.56444
19919, 31.6115, 5.77288
19919, 29.91, 5.07281
19919, 32.3042, 5.76197
19919, 31.3181, 4.28731
19919, 31.6007, 6.19405
19919, 30.8368, 5.44195
19919, 32.7201, 6.29252
19919, 34.0641, 5.35042
19919, 31.811, 6.00671
19919, 30.3717, 6.57691
19919, 30.7254, 5.31883
19919, 29.5501, 5.59539
19919, 32.6132, 4.69258
19919, 32.1752, 5.65076
19919, 32.6455, 5.15264
19919, 31.5522, 5.65472
19919, 31.7419, 5.53641
19919, 32.1177, 4.75444
19919, 31.2612, 5.90791
19919, 32.0595, 6.29466
19919, 33.0245, 6.43916
19919, 30.7697, 5.21973
19919, 33.0349, 4.60771
19919, 33.1642, 6.41664
19919, 30.6854, 5.4787
19919, 30.4958, 5.85284
19919, 30.5841, 5.6439
19919, 32.2517, 5.88318
19919, 32.6784, 5.43344
19919, 31.1437, 6.3192
19919, 32.0091, 5.26847
19919, 31.1303, 5.75913
19919, 30.0982, 5.99004
19919, 31.754, 6.26967
19919, 30.6607, 4.29088
19919, 31.3743, 4.97935
19919, 31.2597, 6.13528
19919, 31.9337, 6.37111
19919, 30.6825, 5.24187
19919, 32.2474, 5.35001
19919, 30.6837, 5.89666
19919, 31.3102, 4.71274
19919, 32.3072, 5.5643
19919, 32.1833, 3.83905
19919, 31.1019, 6.71129
19919, 30.0907, 6.07914
19919, 32.4235, 6.78324
19919, 31.5901, 6.91293
19919, 32.9968, 4.515
19919, 32.4615, 5.93366
19919, 31.1249, 6.80945
19919, 31.2111, 6.03459
19919, 31.6834, 4.58463
19919, 31.5123, 6.30001
19920, 30.7266, 6.14681
19920, 31.4169, 5.26947
19920, 30.5282, 6.05286
19920, 32.6603, 5.31011
19920, 32.4663, 5.69021
19920, 31.9304, 7.15163
19920, 31.8618, 5.32147
19920, 30.8088, 5.02722
19920, 31.8433, 4.32945
19920, 30.8514, 6.45698
19920, 31.0213, 4.57267
19920, 33.4056, 5.6867
19920, 31.6402, 5.8734
19920, 32.4686, 5.74474
19920, 32.177, 5.07279
19920, 32.1345, 5.40799
19920, 32.1199, 4.64466
19920, 32.4571, 4.60027
19920, 31.5323, 4.33221
19920, 30.8579, 6.14725
19920, 32.2982, 4.87068
19920, 31.5804, 6.21023
19920, 33.064, 4.22876
19920, 31.6209, 4.81281
19920, 30.9823, 5.04382
19920, 33.2469, 4.95935
19920, 32.1499, 5.39329
19920, 31.9003, 6.62013
19920, 31.2157, 4.85413
19920, 31.6459, 5.58546
19920, 32.0338, 4.55946
19920, 32.002, 5.42207
19920, 32.0881, 5.17434
19920, 30.6283, 4.14409
19920, 31.3997, 4.96109
19920, 31.6795, 5.68854
19920, 32.2427, 5.06635
19920, 31.665, 5.45166
19920, 31.1752, 5.23577
19920, 30.1948, 5.29667
19920, 31.6701, 5.37777
19920, 31.3928, 5.56781
19920, 31.5694, 6.68891
19920, 30.4595, 6.04153
19920, 31.4977, 6.61159
19920, 31.0337, 7.27074
19920, 31.344, 7.24509
19920, 30.0303, 5.71037
19920, 31.4427, 6.53794
19920, 31.5593, 5.56557
19920, 33.9714, 6.74031
19920, 31.7538, 6.06949
19920, 31.8607, 5.86683
19920, 31.2076, 6.61057
19920, 32.4558, 4.74802
19920, 33.1939, 4.90031
19920, 31.4022, 6.53052
19920, 32.1273, 5.36484
19920, 31.5118, 5.65964
19920, 32.3744, 5.65234
19920, 30.6851, 6.29341
19920, 31.0717, 4.64362
19920, 31.0936, 6.39894
19920, 32.295, 6.22263
19920, 32.4546, 5.19486
19920, 32.2303, 5.65157
19920, 31.2634, 5.09561
19920, 32.2734, 5.92235
19920, 32.6186, 5.86462
19920, 32.1477, 6.11433
19920, 30.8486, 7.07016
19920, 33.0606, 5.85218
19920, 31.2238, 4.80818
19920, 31.6095, 6.85196
19920, 31.4887, 5.90082
19920, 32.3531, 6.20685
19920, 32.2271, 5.7208
19920, 31.0753, 6.0122
19920, 30.4899, 6.8619
19920, 31.5044, 6.00733
19920, 31.8551, 6.94324
19920, 32.2816, 6.06325
19920, 33.395, 5.1096
19920, 32.0816, 5.39125
19920, 30.89, 6.53861
19920, 32.0911, 5.45661
19920, 31.6245, 5.47112
19920, 31.192, 4.86306
19920, 33.666, 4.68762
19920, 32.6305, 5.38239
19920, 32.313, 4.91306
19920, 31.3648, 6.70285
19920, 32.855, 6.21738
19920, 32.6687, 5.4026
19920, 31.7574, 5.9042
19920, 30.0379, 5.90357
19920, 32.9218, 4.3286
19920, 32.2638, 6.31246
19920, 32.2824, 6.06961
19920, 31.4772, 6.4095
19921, 32.3251, 5.2865
19921, 31.2906, 4.99432
19921, 32.0517, 6.54523
19921, 30.7414, 5.52553
19921, 30.3856, 4.67387
19921, 30.6491, 5.47476
19921, 31.1462, 4.96856
19921, 32.9222, 6.56073
19921, 31.4862, 6.49407
19921, 32.546, 5.95454
19921, 31.6935, 5.74382
19921, 32.3339, 4.11557
19921, 31.7186, 6.92851
19921, 34.3372, 4.85376
19921, 32.9674, 6.63668
19921, 32.3233, 5.27615
19921, 32.4351, 4.86221
19921, 33.0019, 6.35387
19921, 31.1073, 6.11944
19921, 32.0048, 5.77276
19921, 31.6682, 5.10626
19921, 32.5174, 5.67415
19921, 31.4372, 6.15897
19921, 31.7836, 4.41998
19921, 32.2951, 4.44841
19921, 31.3556, 5.27739
19921, 32.9252, 6.67221
19921, 30.705, 6.88586
19921, 31.5566, 5.0867
19921, 31.4575, 4.47279
19921, 31.0463, 4.74389
19921, 31.1069, 4.33737
19921, 31.2889, 6.33138
19921, 33.7438, 6.16867
19921, 32.4058, 4.42594
19921, 33.2728, 6.74965
19921, 32.5829, 4.11861
19921, 32.0059, 5.60469
19921, 32.1487, 6.55927
19921, 30.893, 4.79262
19921, 31.2299, 5.71542
19921, 31.7085, 6.28165
19921, 30.7704, 5.31802
19921, 31.8092, 3.9393
19921, 33.5694, 7.09558
19921, 30.6115, 5.46498
19921, 32.267, 4.90061
19921, 33.5059, 6.08513
19921, 31.4179, 6.05176
19921, 31.6156, 4.03377
19921, 30.8705, 5.19121
19921, 31.8283, 4.5205
19921, 30.3267, 6.73569
19921, 32.1708, 5.64402
19921, 31.4059, 7.61944
19921, 31.4762, 6.36884
19921, 31.1791, 7.01231
19921, 31.7317, 5.49922
19921, 32.3502, 5.42466
19921, 31.8328, 6.81331
19921, 29.1529, 5.17389
19921, 31.2855, 5.70947
19921, 32.5751, 6.15751
19921, 30.7238, 4.72075
19921, 30.8573, 5.75117
19921, 31.0003, 6.6509
19921, 31.32, 5.66802
19921, 30.6828, 4.80234
19921, 31.4792, 6.54879
19921, 32.018, 4.98803
19921, 31.264, 5.96091
19921, 32.3962, 3.83525
19921, 31.8496, 6.77795
19921, 31.735, 7.42542
19921, 31.0191, 6.55367
19921, 31.9192, 4.74958
19921, 31.916, 4.38128
19921, 31.0867, 7.02731
19921, 31.488, 5.79697
19921, 32.3582, 5.99768
19921, 30.6453, 5.69434
19921, 32.7656, 5.36375
19921, 33.2066, 4.65957
19921, 30.8368, 4.77021
19921, 33.5793, 4.96391
19921, 33.0128, 5.17263
19921, 31.4465, 7.06114
19921, 32.5146, 6.19696
19921, 31.2391, 6.45984
19921, 31.696, 5.3661
19921, 31.2397, 6.74165
19921, 31.0972, 4.38107
19921, 31.524, 7.31416
19921, 31.6552, 5.81146
19921, 29.9599, 6.90105
19921, 31.9243, 5.67724
19921, 32.9634, 6.00438
19921, 32.5539, 6.93696
19921, 32.275, 4.71544
19921, 31.926, 5.14771
19922, 33.0193, 5.42822
19922, 31.6971, 5.88019
19922, 30.4872, 5.90672
19922, 31.1613, 5.23867
19922, 30.5882, 4.46393
19922, 31.8147, 5.6521
19922, 31.7064, 6.64637
19922, 30.9548, 6.53674
19922, 30.5875, 4.10892
19922, 31.0914, 5.68011
19922, 31.2547, 6.17503
19922, 31.5676, 6.38773
19922, 31.2207, 4.96296
19922, 32.2728, 6.21944
19922, 32.1337, 4.26496
19922, 32.1707, 6.09754
19922, 32.5924, 5.67373
19922, 32.8966, 5.69014
19922, 32.1094, 5.09765
19922, 31.7003, 5.4056
19922, 33.1527, 5.49333
19922, 31.484, 4.77918
19922, 32.2972, 6.90706
19922, 30.4359, 6.05742
19922, 32.3583, 4.7752
19922, 31.1479, 5.32756
19922, 31.8408, 4.81686
19922, 31.917, 3.82619
19922, 31.0399, 5.8628
19922, 32.0123, 4.94054
19922, 31.5256, 7.04667
19922, 31.3735, 6.83979
19922, 30.6591, 5.19917
19922, 30.447, 4.9497
19922, 30.1113, 5.60522
19922, 32.0659, 4.73718
19922, 32.0049, 5.16794
19922, 31.6523, 4.21131
19922, 30.6608, 5.07366
19922, 31.8057, 5.3536
19922, 30.5442, 6.35818
19922, 32.6207, 5.92892
19922, 30.8981, 6.7584
19922, 32.3152, 5.44576
19922, 31.4873, 4.81094
19922, 32.1495, 6.34327
19922, 31.9499, 6.28234
19922, 32.5955, 5.87637
19922, 31.7327, 6.79519
19922, 31.1732, 6.29076
19922, 29.7989, 4.82289
19922, 31.5643, 5.1923
19922, 31.7105, 4.16281
19922, 33.3721, 5.59357
19922, 31.4174, 6.8074
19922, 30.1358, 5.89811
19922, 31.0239, 6.44478
19922, 31.0941, 5.77558
19922, 32.7256, 5.97225
19922, 31.75, 4.73141
19922, 31.5662, 4.52062
19922, 30.8139, 5.39039
19922, 30.6797, 5.90091
19922, 31.7944, 6.37625
19922, 32.5373, 4.924
19922, 31.4086, 5.3743
19922, 32.6561, 5.76126
19922, 32.0995, 6.59774
19922, 31.783, 4.99846
19922, 31.3715, 5.08776
19922, 33.2299, 5.45954
19922, 31.4313, 5.75766
19922, 30.9803, 6.4244
19922, 31.1513, 6.09645
19922, 32.4999, 5.65404
19922, 30.9977, 4.48742
19922, 31.5192, 3.52038
19922, 30.296, 5.53523
19922, 31.2929, 5.31781
19922, 32.0407, 6.14997
19922, 31.5899, 5.63151
19922, 30.7153, 6.33328
19922, 32.6299, 6.46842
19922, 31.8364, 5.28224
19922, 32.0956, 5.11467
19922, 30.9361, 5.70986
19922, 30.6034, 5.90257
19922, 32.5108, 5.04742
19922, 30.9077, 5.14536
19922, 33.7054, 5.13393
19922, 32.5486, 7.50331
19922, 32.0283, 5.54789
19922, 31.4946, 4.09533
19922, 32.469, 5.64281
19922, 32.1897, 5.23328
19922, 32.6169, 4.74876
19922, 30.9489, 6.17516
19922, 32.7612, 6.84839
19922, 32.0658, 4.97802
19922, 31.3457, 5.56522
19923, 32.6314, 6.01403
19923, 33.5961, 5.60246
19923, 32.1661, 4.72277
19923, 31.1867, 5.58001
19923, 32.5291, 5.6254
19923, 32.2849, 5.13624
19923, 31.7598, 3.88815
19923, 32.4279, 7.0518
19923, 31.5424, 6.25537
19923, 32.1591, 5.46066
19923, 32.2452, 5.58885
19923, 30.1533, 6.22953
19923, 32.5931, 5.55148
19923, 32.7931, 4.79273
19923, 32.6532, 6.20958
19923, 30.8396, 6.80955
19923, 31.9337, 6.11316
19923, 32.8359, 6.14289
19923, 32.7586, 5.34097
19923, 31.8476, 7.33323
19923, 31.729, 5.98108
19923, 30.9788, 4.92667
19923, 30.5381, 6.66273
19923, 31.1382, 7.05763
19923, 31.7308, 6.73481
19923, 31.9495, 5.73312
19923, 31.4947, 5.12155
19923, 30.7266, 5.68445
19923, 30.0629, 5.9217
19923, 32.0424, 5.90943
19923, 32.7433, 4.43797
19923, 32.884, 7.30641
19923, 30.513, 5.81307
19923, 32.7268, 4.18451
19923, 31.7834, 5.18459
19923, 31.905, 5.86454
19923, 31.7468, 5.46496
19923, 31.0825, 4.86902
19923, 30.7326, 6.54474
19923, 32.2092, 6.73283
19923, 30.7644, 5.89859
19923, 33.1424, 7.23964
19923, 31.8245, 4.8024
19923, 33.6086, 5.15837
19923, 29.5581, 7.06421
19923, 31.6851, 5.33018
19923, 30.6667, 5.90318
19923, 32.5605, 5.73096
19923, 33.6902, 5.19641
19923, 31.9087, 4.75699
19923, 32.1593, 4.79287
19923, 32.7339, 5.02958
19923, 31.8355, 4.73968
19923, 30.6739, 5.12472
19923, 31.1707, 5.60114
19923, 31.8279, 4.51567
19923, 31.7596, 5.11623
19923, 32.2368, 5.69255
19923, 31.03, 4.55815
19923, 32.6682, 5.76214
19923, 32.5651, 5.92978
19923, 30.6409, 6.51339
19923, 31.4711, 5.67239
19923, 30.4754, 4.74177
19923, 30.8876, 5.70169
19923, 30.441, 5.72162
19923, 31.8719, 5.84375
19923, 32.2027, 6.67968
19923, 31.788, 5.90667
19923, 32.4847, 6.49445
19923, 31.7726, 6.00052
19923, 31.0706, 5.04116
19923, 31.172, 5.34679
19923, 32.1674, 4.53018
19923, 31.1009, 4.22242
19923, 30.5594, 5.51397
19923, 31.5656, 4.77357
19923, 31.7633, 6.13042
19923, 31.3144, 6.71781
19923, 31.605, 5.51895
19923, 29.6277, 5.67481
19923, 31.0517, 6.58737
19923, 32.188, 5.73024
19923, 31.3137, 6.54913
19923, 32.2053, 5.55981
19923, 32.5734, 6.39337
19923, 31.9943, 5.98317
19923, 31.5172, 5.89318
19923, 30.0906, 7.03493
19923, 30.2593, 4.4746
19923, 31.0199, 6.9295
19923, 31.5945, 5.62191
19923, 32.4394, 4.17665
19923, 31.4012, 5.9317
19923, 32.3448, 6.71061
19923, 31.749, 6.09441
19923, 31.1039, 4.74555
19923, 32.0131, 6.01166
19923, 32.344, 5.40265
19923, 32.3517, 4.39321
19924, 31.5328, 5.47079
19924, 31.4508, 5.2032
19924, 34.5199, 4.55058
19924, 31.3351, 4.9327
19924, 30.7345, 6.17465
19924, 31.6991, 6.9372
19924, 30.5019, 6.64214
19924, 31.5266, 6.40102
19924, 31.6889, 3.68991
19924, 30.2605, 4.76801
19924, 31.2722, 5.57606
19924, 31.763, 5.09881
19924, 32.4412, 5.59599
19924, 32.6551, 4.1642
19924, 32.1995, 6.36296
19924, 32.375, 5.01222
19924, 32.078, 5.69573
19924, 33.4702, 5.39561
19924, 31.7418, 6.39566
19924, 31.6684, 4.35618
19924, 30.3286, 5.47504
19924, 32.8312, 5.13667
19924, 32.3482, 4.90863
19924, 32.4504, 4.87644
19924, 31.8689, 6.02584
19924, 32.3927, 5.59392
19924, 30.0184, 4.11267
19924, 32.8174, 6.35684
19924, 31.0844, 7.58675
19924, 30.8682, 4.68655
19924, 31.9304, 5.16493
19924, 32.3882, 5.46051
19924, 30.8191, 7.10459
19924, 30.3721, 6.19581
19924, 30.2021, 4.86936
19924, 30.3177, 5.64958
19924, 32.2203, 5.50201
19924, 31.0208, 5.40611
19924, 31.0894, 6.18165
19924, 32.4567, 4.86768
19924, 31.2423, 5.23311
19924, 31.5884, 4.73653
19924, 31.6975, 6.01225
19924, 31.0827, 6.08533
19924, 30.4556, 4.53798
19924, 31.4755, 4.01902
19924, 31.9618, 5.41034
19924, 32.1455, 4.11303
19924, 31.4718, 6.23287
19924, 33.167, 5.21857
19924, 29.9435, 6.03357
19924, 31.7397, 5.54355
19924, 31.8899, 6.26756
19924, 31.9255, 6.34548
19924, 31.1331, 5.1751
19924, 31.441, 6.77731
19924, 31.5123, 5.91632
19924, 33.2856, 4.80411
19924, 31.1936, 4.41747
19924, 32.8838, 5.50894
19924, 30.4674, 7.96126
19924, 31.0759, 5.40245
19924, 31.0102, 5.88463
19924, 31.397, 6.41878
19924, 30.3677, 6.08503
19924, 30.9313, 7.12857
19924, 30.554, 5.12866
19924, 30.5394, 5.80466
19924, 32.0832, 5.20432
19924, 31.9597, 5.87762
19924, 32.9704, 4.98313
19924, 31.464, 5.7143
19924, 31.0712, 6.29418
19924, 32.5299, 5.40168
19924, 31.6282, 5.66965
19924, 31.5102, 6.82733
19924, 31.0355, 5.72248
19924, 30.915, 5.13687
19924, 31.4782, 5.82706
19924, 33.7425, 5.7841
19924, 32.4686, 7.05618
19924, 32.4182, 5.80752
19924, 31.9405, 7.80679
19924, 31.3008, 5.57956
19924, 31.495, 7.9297
19924, 32.2088, 6.03245
19924, 31.604, 4.82912
19924, 30.8602, 6.18589
19924, 31.7591, 5.31861
19924, 32.9782, 5.81041
19924, 31.7954, 5.72832
19924, 32.571, 5.35127
19924, 32.0316, 5.04756
19924, 32.2481, 5.75726
19924, 32.6451, 3.45664
19924, 31.0615, 6.53731
19924, 30.823, 4.69678
19924, 32.2197, 6.52535
19924, 31.4903, 6.38456
19924, 30.866, 5.43314
19925, 32.7641, 6.01118
19925, 31.3799, 5.95452
19925, 32.1462, 4.86532
19925, 31.0599, 5.60945
19925, 31.414, 6.02684
19925, 32.1909, 5.57762
19925, 30.8619, 5.728
19925, 32.2031, 5.52658
19925, 32.2937, 4.38476
19925, 32.6154, 5.31932
19925, 32.9488, 4.77557
19925, 31.3467, 5.71043
19925, 32.1851, 4.29928
19925, 32.9032, 3.73326
19925, 33.2419, 4.93423
19925, 31.9495, 5.97746
19925, 33.2194, 6.03791
19925, 31.3127, 6.64223
19925, 31.624, 5.72427
19925, 32.6337, 6.25683
19925, 31.735, 4.98654
19925, 31.3926, 5.23514
19925, 31.3693, 5.18249
19925, 33.1506, 5.86528
19925, 31.4341, 6.16592
19925, 31.8878, 6.17342
19925, 32.0878, 5.91475
19925, 31.3771, 5.60764
19925, 32.424, 6.40639
19925, 31.2785, 4.92547
19925, 33.478, 5.30881
19925, 32.6769, 4.05226
19925, 31.5314, 4.94529
19925, 32.2866, 5.64352
19925, 30.688, 4.15597
19925, 32.7921, 5.23461
19925, 32.6774, 4.60341
19925, 30.7591, 3.91233
19925, 31.7735, 5.47016
19925, 31.2923, 7.70535
19925, 31.7842, 5.58843
19925, 30.8184, 5.85522
19925, 32.5755, 7.08049
19925, 31.609, 4.87658
19925, 32.4846, 6.46827
19925, 32.2445, 5.34912
19925, 31.1011, 5.21971
19925, 30.8762, 4.97474
19925, 31.5897, 6.31944
19925, 31.7884, 5.42407
19925, 31.1654, 5.55114
19925, 31.4012, 5.43095
19925, 32.7369, 4.79322
19925, 29.9561, 5.87576
19925, 30.9629, 4.05316
19925, 32.2014, 5.91873
19925, 31.8852, 5.70693
19925, 32.2263, 6.32952
19925, 32.7054, 5.42729
19925, 31.3258, 5.65197
19925, 32.1724, 5.79194
19925, 29.9627, 6.78323
19925, 30.5891, 4.91827
19925, 31.0153, 5.36316
19925, 31.4429, 6.14329
19925, 32.402, 6.13779
19925, 31.5815, 6.30134
19925, 32.2483, 6.07124
19925, 31.3042, 4.94366
19925, 31.1359, 5.12794
19925, 32.326, 5.90603
19925, 31.8554, 4.5422
19925, 32.7115, 6.17105
19925, 31.8959, 5.26291
19925, 31.8567, 5.74185
19925, 31.1966, 5.64267
19925, 32.8674, 4.45953
19925, 29.6107, 6.08751
19925, 32.2395, 5.88164
19925, 30.5443, 5.04478
19925, 32.5499, 4.98908
19925, 32.1379, 4.5196
19925, 31.981, 7.03795
19925, 31.9604, 5.35913
19925, 32.1477, 6.32145
19925, 33.2999, 5.78676
19925, 32.0472, 6.64766
19925, 31.2628, 6.50086
19925, 32.0009, 5.66639
19925, 31.1211, 6.17034
19925, 31.9202, 5.99104
19925, 31.348, 5.64104
19925, 31.8984, 7.66157
19925, 31.8676, 3.56819
19925, 32.2279, 7.1682
19925, 32.0848, 4.6683
19925, 32.235, 5.47489
19925, 31.9153, 5.69485
19925, 32.3877, 5.21001
19925, 32.4135, 6.86847
19926, 31.4101, 5.27209
19926, 32.2017, 5.2222
19926, 31.0806, 4.73811
19926, 31.7697, 4.63372
19926, 32.1072, 6.47848
19926, 32.2753, 5.6999
19926, 31.6228, 6.24244
19926, 32.3691, 6.07899
19926, 30.9435, 6.48536
19926, 31.1698, 5.83371
19926, 32.5729, 4.50824
19926, 32.1028, 5.63181
19926, 29.889, 5.00297
19926, 31.3066, 5.85765
19926, 32.609, 4.34044
19926, 31.9811, 5.56332
19926, 31.6657, 5.69954
19926, 31.7892, 5.1084
19926, 31.6689, 6.51128
19926, 31.3069, 4.78786
19926, 32.0346, 5.79964
19926, 31.5578, 4.41145
19926, 31.0896, 6.62092
19926, 30.6949, 6.0471
19926, 32.6989, 4.67313
19926, 31.0473, 5.14198
19926, 31.7867, 5.80171
19926, 31.253, 6.0498
19926, 31.1546, 6.08896
19926, 31.9658, 3.87814
19926, 31.7924, 5.45211
19926, 31.4637, 6.19797
19926, 32.8963, 5.33461
19926, 31.2713, 5.0634
19926, 31.4127, 5.59299
19926, 32.2339, 6.34705
19926, 33.12, 5.06716
19926, 30.169, 5.51767
19926, 31.1286, 5.41725
19926, 30.5207, 4.94344
19926, 32.3889, 5.48886
19926, 30.9974, 4.78456
19926, 32.9643, 5.76439
19926, 31.4885, 6.83162
19926, 33.063, 5.42168
19926, 31.6775, 5.61243
19926, 30.1904, 6.06644
19926, 29.8636, 6.60602
19926, 31.6851, 6.32423
19926, 32.594, 6.3132
19926, 31.5429, 6.45573
19926, 29.8582, 5.9099
19926, 33.1529, 5.72572
19926, 32.6011, 6.5794
19926, 29.5384, 5.23209
19926, 30.6942, 4.5909
19926, 32.7322, 5.87767
19926, 31.7137, 5.55871
19926, 31.6176, 5.35681
19926, 31.8507, 6.04131
19926, 30.9139, 7.77481
19926, 32.1793, 5.78113
19926, 33.0365, 5.74725
19926, 32.9644, 5.53159
19926, 32.407, 6.70147
19926, 32.3697, 5.48108
19926, 32.7397, 4.68387
19926, 32.1442, 4.55361
19926, 32.0909, 5.85761
19926, 30.1983, 6.42537
19926, 32.1512, 4.48874
19926, 30.9996, 5.10523
19926, 31.8795, 4.60877
19926, 31.1682, 5.20217
19926, 32.6718, 5.20293
19926, 32.1775, 5.63814
19926, 31.6116, 3.78153
19926, 32.6189, 6.2743
19926, 33.8774, 5.51644
19926, 32.2347, 5.26995
19926, 32.5634, 5.77284
19926, 30.954, 6.59908
19926, 32.034, 6.31102
19926, 30.7356, 5.2771
19926, 30.7087, 5.50789
19926, 31.8162, 5.65071
19926, 31.9294, 6.18904
19926, 31.0214, 5.31755
19926, 31.5776, 5.46024
19926, 32.5173, 5.34446
19926, 31.888, 4.68144
19926, 31.4327, 4.88789
19926, 31.7851, 6.74147
19926, 31.0088, 5.80974
19926, 33.6423, 7.264
19926, 32.232, 5.27179
19926, 31.9922, 5.13515
19926, 30.8343, 6.3011
19926, 30.1778, 4.6109
19926, 30.5029, 4.20551
19927, 32.1787, 4.97948
19927, 32.103, 6.18256
19927, 31.9232, 7.14303
19927, 31.9686, 4.76339
19927, 33.2922, 5.26907
19927, 32.714, 5.9604
19927, 31.4236, 6.40109
19927, 31.7823, 5.12687
19927, 31.381, 5.14183
19927, 32.2307, 5.89969
19927, 31.4029, 6.53882
19927, 30.4623, 5.83421
19927, 32.2059, 3.82227
19927, 32.2071, 5.71676
19927, 31.7111, 5.41397
19927, 31.3406, 6.0586
19927, 31.9768, 6.21981
19927, 30.4869, 6.49048
19927, 32.1993, 4.94892
19927, 30.3359, 5.14381
19927, 30.7953, 4.36327
19927, 32.3202, 6.38578
19927, 31.1134, 5.48185
19927, 32.7385, 5.28266
19927, 32.0739, 4.82505
19927, 30.9135, 5.77804
19927, 30.4009, 5.39744
19927, 31.3261, 6.37811
19927, 31.3222, 5.34023
19927, 32.3327, 5.41388
19927, 31.7891, 6.25815
19927, 30.2637, 4.75999
19927, 30.7195, 4.84264
19927, 32.1912, 7.29687
19927, 30.6281, 5.65953
19927, 30.8683, 4.69093
19927, 33.0532, 6.24902
19927, 31.1839, 5.82777
19927, 32.4633, 6.06676
19927, 31.3304, 6.43808
19927, 31.1328, 5.31126
19927, 32.4631, 5.15621
19927, 32.1083, 4.80709
19927, 30.4941, 5.09259
19927, 31.1915, 6.77969
19927, 31.86, 5.377
19927, 31.4168, 4.53876
19927, 31.6666, 5.0479
19927, 32.2154, 4.88225
19927, 31.4802, 5.91205
19927, 31.5175, 5.33009
19927, 31.1077, 6.2072
19927, 31.2369, 4.56446
19927, 32.8789, 5.7768
19927, 31.4328, 5.39219
19927, 31.6212, 5.01019
19927, 31.7479, 5.65293
19927, 32.5033, 7.00687
19927, 31.5255, 5.60858
19927, 32.5539, 7.05418
19927, 31.3847, 4.94708
19927, 30.6544, 6.1646
19927, 33.3207, 4.68836
19927, 31.8716, 6.08017
19927, 32.677, 4.76096
19927, 32.7598, 3.16483
19927, 33.8364, 7.23279
19927, 32.4098, 4.91532
19927, 31.1573, 6.17198
19927, 31.998, 5.545
19927, 30.8571, 5.30976
19927, 31.5746, 5.87821
19927, 32.2755, 4.86171
19927, 32.1526, 7.01342
19927, 32.8088, 5.40743
19927, 32.0626, 5.39254
19927, 31.3092, 5.2721
19927, 32.8408, 6.11083
19927, 31.3612, 6.39899
19927, 31.8358, 5.52474
19927, 32.3309, 5.96982
19927, 32.5194, 4.8836
19927, 30.5707, 6.22842
19927, 31.9366, 7.10212
19927, 31.4555, 5.52786
19927, 28.9253, 4.98514
19927, 31.4862, 5.16803
19927, 31.0974, 6.12625
19927, 32.3906, 6.15942
19927, 30.5715, 6.64553
19927, 30.776, 5.26815
19927, 31.2969, 5.82876
19927, 31.6888, 5.02864
19927, 32.14, 5.22995
19927, 30.1215, 5.40864
19927, 32.0877, 6.11989
19927, 30.855, 5.50265
19927, 32.0103, 6.95828
19927, 31.85, 6.22549
19927, 32.2149, 4.86212
19928, 31.3986, 4.95703
19928, 31.766, 5.74376
19928, 31.8745, 5.1357
19928, 33.9355, 5.12422
19928, 32.3838, 4.62282
19928, 31.6292, 6.30257
19928, 31.4325, 3.67294
19928, 32.8399, 7.33113
19928, 32.5006, 6.79872
19928, 33.3416, 6.08263
19928, 31.7296, 5.31073
19928, 31.953, 5.06703
19928, 33.8241, 5.54853
19928, 32.7205, 5.06718
19928, 31.3051, 5.10109
19928, 31.0346, 4.95953
19928, 32.3472, 5.59239
19928, 31.7765, 5.4563
19928, 32.9373, 6.82724
19928, 31.2211, 6.19489
19928, 31.3876, 5.11631
19928, 32.9266, 5.10489
19928, 33.2708, 6.12413
19928, 31.6414, 5.83497
19928, 31.3482, 5.20982
19928, 31.7204, 5.74087
19928, 32.2233, 5.76504
19928, 33.1552, 6.16756
19928, 31.137, 4.54251
19928, 31.9799, 4.71752
19928, 31.276, 6.33037
19928, 33.2449, 5.13305
19928, 31.0606, 6.76662
19928, 32.5887, 5.12059
19928, 33.4846, 5.72446
19928, 31.0698, 5.84817
19928, 32.3147, 5.98456
19928, 32.9586, 6.1785
19928, 31.2148, 6.25861
19928, 32.8437, 7.00862
19928, 32.5988, 4.41574
19928, 32.8378, 4.78737
19928, 31.9334, 5.11287
19928, 30.5251, 6.24405
19928, 31.1702, 4.70005
19928, 32.0709, 7.26903
19928, 31.7544, 4.87165
19928, 32.1299, 4.64486
19928, 32.9033, 4.9173
19928, 32.0275, 5.05582
19928, 31.5741, 5.10457
19928, 30.7445, 5.55082
19928, 32.3487, 5.02783
19928, 31.9913, 5.88917
19928, 32.589, 6.07395
19928, 32.8763, 5.91339
19928, 30.9274, 5.52792
19928, 33.2655, 3.84055
19928, 32.0184, 6.41744
19928, 31.4105, 5.09143
19928, 32.8604, 5.45463
19928, 30.6765, 6.17554
19928, 32.1813, 7.37599
19928, 32.3262, 6.19034
19928, 30.7298, 6.36102
19928, 30.7742, 5.44655
19928, 31.9469, 5.7026
19928, 33.8516, 5.7466
19928, 33.3033, 5.52771
19928, 30.9149, 4.87797
19928, 31.595, 6.64428
19928, 31.5201, 5.80822
19928, 31.9154, 5.12968
19928, 31.186, 7.34455
19928, 32.1424, 6.01993
19928, 31.8934, 5.05427
19928, 32.0028, 4.24976
19928, 31.166, 5.07572
19928, 31.687, 5.58073
19928, 33.4664, 5.24601
19928, 31.6649, 6.09085
19928, 31.0735, 5.30334
19928, 32.0725, 5.91039
19928, 32.0699, 5.8951
19928, 32.3505, 4.88113
19928, 32.2244, 6.99942
19928, 31.3821, 4.54306
19928, 31.4465, 5.97621
19928, 32.3915, 5.61918
19928, 33.2514, 7.09016
19928, 31.4744, 5.35052
19928, 30.8658, 5.08051
19928, 30.553, 6.36341
19928, 30.3043, 5.7278
19928, 32.4914, 5.26109
19928, 31.6602, 5.43663
19928, 31.9004, 4.41323
19928, 31.7333, 4.38668
19928, 31.8974, 5.54916
19928, 30.7191, 4.96225
19929, 32.4044, 5.51813
19929, 32.365, 5.8321
19929, 30.9721, 5.33404
19929, 33.1174, 7.73461
19929, 31.8523, 4.79489
19929, 30.5089, 5.85336
19929, 31.1286, 5.72729
19929, 30.522, 6.10129
19929, 31.4115, 6.00311
19929, 31.1492, 5.18814
19929, 32.4033, 5.97798
19929, 32.0254, 4.73368
19929, 32.0999, 7.30176
19929, 33.4635, 6.03588
19929, 31.9938, 5.45412
19929, 31.8251, 6.94532
19929, 33.0112, 5.54259
19929, 31.4004, 3.70658
19929, 32.4981, 4.75425
19929, 31.4049, 6.26946
19929, 31.5819, 4.62364
19929, 31.1335, 5.45717
19929, 33.382, 4.76923
19929, 31.8194, 5.53293
19929, 32.0551, 6.39907
19929, 31.0611, 4.31206
19929, 32.4557, 4.1185
19929, 32.7651, 5.43341
19929, 31.6493, 6.61044
19929, 31.6156, 6.99001
19929, 31.4351, 4.66305
19929, 32.8567, 5.31945
19929, 30.7749, 5.78694
19929, 31.9063, 5.61745
19929, 30.7817, 6.73242
19929, 32.3546, 6.11674
19929, 32.0246, 5.83715
19929, 31.3079, 5.26091
19929, 31.2549, 5.59822
19929, 32.0584, 6.26402
19929, 32.6781, 5.12147
19929, 31.9402, 6.29821
19929, 31.4219, 5.71037
19929, 31.9483, 6.11409
19929, 31.8681, 4.09379
19929, 30.6999, 6.24631
19929, 30.8178, 5.01079
19929, 32.4383, 4.93606
19929, 32.8719, 5.08988
19929, 31.3083, 6.19046
19929, 31.4198, 5.55837
19929, 32.9202, 6.26506
19929, 31.2084, 6.64704
19929, 31.2745, 5.04277
19929, 31.1934, 5.02179
19929, 32.585, 4.30086
19929, 32.8483, 5.49788
19929, 32.4836, 3.78978
19929, 31.952, 6.45019
19929, 30.566, 5.4245
19929, 31.3398, 5.63582
19929, 31.8503, 4.94754
19929, 30.8751, 3.76763
19929, 33.3633, 5.21697
19929, 30.653, 5.63398
19929, 29.993, 4.93393
19929, 31.7673, 6.16176
19929, 31.7973, 4.73552
19929, 31.5786, 5.49939
19929, 30.6146, 5.0446
19929, 31.0705, 7.14546
19929, 31.2156, 6.31755
19929, 31.7768, 5.25122
19929, 31.7076, 4.83419
19929, 32.2832, 6.07119
19929, 31.3292, 5.33687
19929, 31.8513, 6.86985
19929, 32.8157, 5.03679
19929, 32.4714, 5.88102
19929, 34.312, 5.99973
19929, 31.0168, 5.2561
19929, 31.6829, 6.0044
19929, 30.5926, 5.13316
19929, 32.2496, 7.01287
19929, 31.3039, 5.23907
19929, 32.1006, 6.05171
19929, 31.2478, 6.373
19929, 32.2149, 5.06997
19929, 31.7474, 6.49115
19929, 30.2638, 5.8198
19929, 32.6755, 4.86428
19929, 32.6383, 5.45147
19929, 31.545, 4.11181
19929, 32.7231, 6.76482
19929, 31.4798, 3.99987
19929, 30.7729, 7.05708
19929, 30.6671, 7.08938
19929, 32.5892, 5.28262
19929, 31.9942, 5.81305
19929, 33.7658, 4.49503
19930, 32.058, 6.45039
19930, 31.6086, 6.72287
19930, 31.6708, 3.72347
19930, 32.1904, 5.70685
19930, 32.3937, 5.49512
19930, 31.2599, 7.20798
19930, 32.4188, 5.25674
19930, 32.0186, 5.12081
19930, 30.5324, 5.24705
19930, 31.0881, 6.53376
19930, 31.6195, 6.23772
19930, 31.1284, 4.43135
19930, 31.7508, 6.62583
19930, 30.3612, 4.7683
19930, 31.4824, 4.53426
19930, 31.7004, 5.41563
19930, 32.3857, 5.22839
19930, 30.8406, 4.41539
19930, 30.4369, 7.08113
19930, 32.6239, 7.13696
19930, 31.2004, 5.15693
19930, 32.909, 4.632
19930, 32.2252, 5.33041
19930, 30.97, 4.76915
19930, 31.7028, 6.44072
19930, 30.3029, 6.50663
19930, 30.6613, 5.28383
19930, 33.0437, 5.1818
19930, 31.4476, 4.27575
19930, 33.1227, 4.60795
19930, 31.3455, 4.99915
19930, 31.8579, 4.67159
19930, 30.6585, 5.93481
19930, 31.2585, 6.56417
19930, 31.5509, 5.39038
19930, 30.8123, 6.43545
19930, 31.846, 5.97653
19930, 30.8244, 5.10817
19930, 31.6531, 5.57583
19930, 32.0936, 3.73756
19930, 33.1585, 5.1293
19930, 31.2591, 6.49281
19930, 33.5998, 6.27189
19930, 31.8152, 5.42928
19930, 32.3778, 6.23469
19930, 31.6513, 6.35108
19930, 31.6522, 4.87044
19930, 31.5991, 5.33856
19930, 31.8808, 5.58157
19930, 31.8019, 5.58316
19930, 32.2091, 6.04987
19930, 31.356, 5.60393
19930, 30.8546, 5.60691
19930, 32.3613, 6.05199
19930, 31.0653, 7.74067
19930, 32.5324, 5.81365
19930, 32.1256, 6.0689
19930, 31.1259, 4.77322
19930, 31.0467, 4.83184
19930, 31.7905, 5.74469
19930, 31.9804, 5.98771
19930, 31.7245, 5.28028
19930, 32.1172, 4.82291
19930, 32.5903, 5.07647
19930, 32.5897, 5.48409
19930, 33.2912, 6.20395
19930, 31.1469, 5.88142
19930, 31.5343, 6.31212
19930, 30.0684, 6.72267
19930, 31.3386, 6.2525
19930, 31.1648, 4.23237
19930, 30.748, 5.86593
19930, 31.3473, 5.93717
19930, 32.5215, 5.74458
19930, 31.9951, 5.51349
19930, 31.0721, 6.47092
19930, 32.4689, 6.97678
19930, 31.787, 3.77417
19930, 31.6547, 5.07976
19930, 31.8865, 6.68321
19930, 31.3271, 5.81991
19930, 31.8719, 4.43099
19930, 32.2711, 6.21184
19930, 31.956, 6.79418
19930, 33.2182, 6.63741
19930, 31.7611, 5.9115
19930, 33.7743, 4.75497
19930, 31.8883, 4.15969
19930, 31.3306, 5.08353
19930, 31.3988, 5.68254
19930, 30.516, 6.54296
19930, 31.8303, 4.8657
19930, 30.9534, 6.70874
19930, 31.8109, 4.60398
19930, 33.0719, 5.64181
19930, 32.8192, 5.55737
19930, 32.1214, 6.35673
19930, 32.6798, 6.14479
19930, 30.8264, 6.35483
19930, 31.6722, 5.5726
19931, 32.214, 5.42972
19931, 31.3368, 5.03533
19931, 33.1023, 3.20892
19931, 32.2827, 4.87276
19931, 31.6036, 5.41841
19931, 33.457, 5.36096
19931, 31.1857, 5.28979
19931, 32.0798, 6.76694
19931, 32.2321, 7.31628
19931, 33.2554, 5.29023
19931, 31.1311, 5.44667
19931, 31.511, 5.12989
19931, 30.8956, 6.59333
19931, 31.7623, 6.63375
19931, 31.5406, 4.91941
19931, 30.8851, 6.2815
19931, 32.5517, 5.05512
19931, 32.354, 6.50837
19931, 32.3469, 6.66267
19931, 33.1433, 5.06466
19931, 32.0365, 6.22255
19931, 31.4497, 6.01922
19931, 32.1115, 5.05729
19931, 31.7767, 5.2038
19931, 31.7192, 5.85769
19931, 32.2555, 6.3875
19931, 30.885, 4.85521
19931, 30.9356, 6.35994
19931, 30.2046, 4.53415
19931, 30.9846, 4.97236
19931, 32.2777, 5.89928
19931, 32.6289, 4.01227
19931, 31.678, 5.71933
19931, 32.2245, 5.50457
19931, 31.1511, 5.10025
19931, 31.8482, 5.36362
19931, 30.9526, 5.00084
19931, 31.1829, 6.37312
19931, 31.8993, 4.53081
19931, 31.5559, 6.06279
19931, 31.9411, 5.5164
19931, 30.3468, 5.98901
19931, 31.6631, 5.3338
19931, 30.8951, 4.74919
19931, 32.2491, 4.86579
19931, 32.1519, 5.42787
19931, 32.3415, 4.80992
19931, 32.1386, 4.81228
19931, 30.6399, 7.21714
19931, 31.7289, 5.78609
19931, 31.2017, 5.77178
19931, 32.3638, 6.09191
19931, 32.2094, 5.51363
19931, 31.4486, 6.54323
19931, 31.4206, 4.50921
19931, 31.2638, 5.84879
19931, 31.9126, 6.09919
19931, 32.7919, 5.75409
19931, 34.3186, 6.49698
19931, 32.4681, 4.93079
19931, 30.7207, 5.24298
19931, 30.6112, 5.77588
19931, 31.486, 6.86532
19931, 31.9172, 5.94504
19931, 31.0624, 5.04544
19931, 32.3524, 5.59119
19931, 32.6276, 6.16651
19931, 30.5247, 5.09443
19931, 30.6149, 5.18934
19931, 33.111, 5.98287
19931, 31.7319, 5.31304
19931, 31.481, 4.49467
19931, 32.3964, 5.23774
19931, 30.4277, 6.14179
19931, 30.7449, 3.97002
19931, 31.0435, 5.3401
19931, 32.9957, 5.57177
19931, 32.6456, 5.70422
19931, 30.1468, 7.30783
19931, 32.1402, 4.21959
19931, 31.8285, 5.03958
19931, 31.5336, 4.55804
19931, 31.0618, 7.0193
19931, 31.1341, 6.04814
19931, 32.5804, 6.69353
19931, 32.079, 5.64522
19931, 32.0259, 6.55765
19931, 32.3727, 6.1678
19931, 30.3294, 5.80443
19931, 31.7909, 6.8892
19931, 32.1285, 4.35307
19931, 32.0185, 6.42729
19931, 33.3985, 6.30443
19931, 31.0507, 5.55789
19931, 31.3146, 5.20797
19931, 32.1713, 6.91113
19931, 32.0184, 5.11376
19931, 31.3219, 6.16192
19931, 30.6981, 4.93446
19931, 31.2433, 6.71421
19932, 30.65, 5.00859
19932, 31.859, 6.17052
19932, 31.7777, 7.07628
19932, 31.2692, 4.58885
19932, 30.6803, 6.55296
19932, 32.309, 5.28852
19932, 30.8653, 4.88732
19932, 31.5246, 5.88855
19932, 30.7331, 6.12242
19932, 32.2066, 6.45613
19932, 31.8514, 5.90652
19932, 31.7556, 7.91942
19932, 30.6608, 5.8364
19932, 33.0128, 4.68941
19932, 31.5524, 4.86965
19932, 30.6393, 3.85609
19932, 32.2789, 4.3701
19932, 31.3736, 4.50132
19932, 31.9606, 6.29417
19932, 31.4568, 6.03904
19932, 31.9888, 5.13187
19932, 32.7305, 5.93877
19932, 31.5383, 5.54409
19932, 32.279, 4.11044
19932, 33.6699, 4.48831
19932, 32.4639, 5.28344
19932, 32.8625, 5.24129
19932, 32.1798, 5.36681
19932, 31.4038, 5.4341
19932, 32.7128, 4.29672
19932, 31.6478, 6.398
19932, 31.2838, 5.31668
19932, 31.7422, 5.93113
19932, 31.6668, 4.18987
19932, 30.6449, 6.33295
19932, 31.4134, 5.91531
19932, 32.249, 6.02746
19932, 32.4201, 5.65561
19932, 32.035, 5.54201
19932, 31.342, 6.26628
19932, 32.0467, 6.903
19932, 32.0911, 6.48651
19932, 32.3279, 5.15323
19932, 31.2788, 5.34863
19932, 32.0339, 5.93331
19932, 32.4546, 6.19099
19932, 32.4753, 6.74355
19932, 32.9054, 5.84832
19932, 31.0521, 6.12916
19932, 31.7082, 6.13136
19932, 31.9286, 5.28681
19932, 31.3307, 3.63653
19932, 31.4656, 5.44766
19932, 31.8285, 5.66887
19932, 33.4194, 4.79633
19932, 30.7718, 4.78558
19932, 31.3032, 5.78645
19932, 30.5953, 4.81841
19932, 32.2944, 6.21482
19932, 31.7985, 6.01953
19932, 32.3248, 3.58007
19932, 32.4774, 6.74454
19932, 31.041, 4.43667
19932, 31.9902, 6.03602
19932, 32.855, 5.79197
19932, 31.5151, 6.00177
19932, 31.9864, 5.17813
19932, 32.4225, 5.67789
19932, 31.3561, 5.47494
19932, 31.4243, 4.9585
19932, 30.4633, 3.5675
19932, 31.8085, 5.35533
19932, 31.2513, 6.30512
19932, 31.6291, 5.84715
19932, 31.7793, 5.55817
19932, 31.1523, 2.81155
19932, 31.1896, 6.85897
19932, 33.0846, 4.84971
19932, 32.937, 6.21155
19932, 31.0756, 5.19304
19932, 30.963, 5.81919
19932, 31.5753, 5.5267
19932, 31.4433, 5.33094
19932, 31.6718, 6.86389
19932, 32.2403, 4.59993
19932, 33.1003, 5.16703
19932, 32.1309, 5.38647
19932, 32.275, 6.10603
19932, 30.3551, 6.15998
19932, 31.0092, 5.64284
19932, 31.1547, 5.25144
19932, 32.0919, 7.82394
19932, 30.6132, 6.0727
19932, 31.5369, 5.4317
19932, 30.8479, 5.85541
19932, 32.0144, 4.43371
19932, 32.0381, 4.12045
19932, 31.2946, 3.64495
19932, 31.6978, 4.90222
19932, 31.8711, 5.12043
19933, 30.4238, 6.652
19933, 32.5099, 4.18901
19933, 32.8924, 6.11156
19933, 32.1577, 6.81841
19933, 31.5038, 5.90817
19933, 32.8396, 5.19388
19933, 30.3894, 5.55018
19933, 32.057, 6.74457
19933, 31.4851, 4.63575
19933, 31.6064, 6.74575
19933, 31.46, 4.75569
19933, 32.4488, 5.97406
19933, 31.4632, 8.43238
19933, 31.36, 5.17214
19933, 32.9993, 6.65495
19933, 32.0268, 5.90756
19933, 32.2943, 4.93951
19933, 31.6935, 6.57552
19933, 31.7356, 6.93991
19933, 32.939, 5.13898
19933, 31.8042, 5.58928
19933, 31.982, 6.27286
19933, 30.6557, 4.98006
19933, 32.3528, 4.6679
19933, 32.2183, 7.18116
19933, 30.8201, 5.8755
19933, 32.404, 4.49246
19933, 33.0878, 6.04351
19933, 30.8003, 6.12405
19933, 32.6053, 4.52451
19933, 31.1432, 6.00321
19933, 30.285, 6.76643
19933, 33.6732, 4.37462
19933, 32.7474, 6.59851
19933, 31.7205, 5.77261
19933, 32.1841, 5.11082
19933, 31.998, 4.59261
19933, 30.9277, 6.18797
19933, 32.3985, 4.65899
19933, 32.1677, 6.85356
19933, 31.8298, 4.72057
19933, 31.2342, 5.12422
19933, 32.182, 5.28858
19933, 31.4148, 6.46005
19933, 31.6178, 4.73567
19933, 31.1959, 4.92438
19933, 31.4221, 5.07531
19933, 32.3479, 5.52224
19933, 32.3288, 5.87186
19933, 28.9684, 6.78633
19933, 30.2552, 5.50632
19933, 32.441, 4.65049
19933, 31.6957, 3.63958
19933, 31.3315, 6.1967
19933, 32.702, 6.30389
19933, 31.7108, 5.67477
19933, 33.0263, 4.47161
19933, 32.6572, 5.88902
19933, 31.3133, 5.03549
19933, 31.7762, 6.13035
19933, 31.0919, 5.03786
19933, 32.461, 4.45724
19933, 31.516, 5.08102
19933, 31.492, 6.17977
19933, 32.8137, 5.6101
19933, 32.4307, 7.19286
19933, 32.064, 5.70555
19933, 29.2595, 4.84195
19933, 32.4055, 5.90479
19933, 33.1221, 6.25071
19933, 30.6691, 5.91683
19933, 31.93, 4.37282
19933, 32.6341, 6.74274
19933, 32.7978, 5.51428
19933, 32.4407, 5.48326
19933, 31.0876, 6.4809
19933, 31.1459, 5.58128
19933, 31.1642, 6.12646
19933, 32.9919, 4.94527
19933, 31.8022, 6.3954
19933, 31.2202, 6.39391
19933, 31.9628, 4.65875
19933, 32.5099, 4.98838
19933, 32.2752, 5.66819
19933, 30.4911, 6.83117
19933, 31.0935, 5.7397
19933, 32.3027, 5.25218
19933, 32.0656, 5.609
19933, 33.0527, 6.63425
19933, 31.2785, 6.21121
19933, 30.6548, 6.22549
19933, 31.3721, 4.2078
19933, 30.7519, 6.27645
19933, 30.583, 4.70171
19933, 31.0412, 7.46312
19933, 31.6564, 5.43668
19933, 31.1609, 5.10011
19933, 31.8021, 5.20511
19933, 32.1493, 3.13331
19933, 31.1108, 6.50653
19934, 31.992, 6.08041
19934, 28.9588, 5.77901
19934, 32.1885, 3.76442
19934, 32.1557, 7.5101
19934, 32.26, 6.29499
19934, 31.383, 4.30454
19934, 32.0967, 6.37657
19934, 32.2776, 5.80828
19934, 32.2499, 7.38461
19934, 32.4817, 5.85208
19934, 33.8488, 6.31826
19934, 31.4501, 5.61785
19934, 32.3372, 4.90304
19934, 30.4422, 4.30148
19934, 31.7216, 7.13645
19934, 31.1528, 4.01474
19934, 32.4774, 6.72563
19934, 30.998, 6.36126
19934, 32.2378, 6.29323
19934, 31.9642, 6.02589
19934, 33.078, 4.88305
19934, 31.3504, 5.26977
19934, 32.626, 5.58908
19934, 29.8367, 4.93678
19934, 31.7145, 5.97863
19934, 32.3887, 5.61576
19934, 32.1691, 5.35876
19934, 31.9398, 5.31792
19934, 32.0675, 6.25374
19934, 31.449, 5.69416
19934, 32.7049, 3.45947
19934, 31.4182, 4.03756
19934, 32.3347, 6.36259
19934, 33.1898, 4.86086
19934, 30.7098, 5.17788
19934, 31.4173, 5.11417
19934, 30.7255, 5.94094
19934, 31.8074, 4.79893
19934, 32.9676, 6.00611
19934, 31.2562, 7.00592
19934, 31.2577, 5.63622
19934, 30.446, 4.60094
19934, 31.3662, 3.89487
19934, 31.9495, 5.54862
19934, 30.9786, 4.64731
19934, 32.0805, 5.04069
19934, 31.6551, 3.82404
19934, 32.8036, 6.43066
19934, 30.8145, 4.82395
19934, 30.8843, 4.6354
19934, 32.5212, 5.30687
19934, 30.952, 5.07915
19934, 31.9704, 7.36182
19934, 31.869, 4.71288
19934, 31.0162, 6.56513
19934, 32.1185, 4.90322
19934, 31.8792, 5.645
19934, 30.2886, 5.18226
19934, 32.907, 7.50475
19934, 31.9356, 5.47919
19934, 31.8466, 5.78477
19934, 32.4538, 3.90715
19934, 33.406, 6.03009
19934, 31.2415, 5.50943
19934, 32.9799, 6.6144
19934, 33.2431, 5.72511
19934, 32.2123, 5.9238
19934, 32.1059, 5.8601
19934, 31.1169, 6.00153
19934, 30.2709, 5.78687
19934, 30.608, 6.49852
19934, 30.5865, 5.79473
19934, 31.3511, 5.91074
19934, 31.9964, 6.11156
19934, 31.5842, 6.88141
19934, 31.3851, 6.9769
19934, 32.9432, 6.53893
19934, 31.1174, 5.28093
19934, 32.3476, 4.97729
19934, 33.6907, 5.08884
19934, 32.485, 4.54962
19934, 29.9937, 5.19447
19934, 30.3871, 6.55906
19934, 30.8145, 3.28409
19934, 31.654, 5.5536
19934, 29.9128, 6.98488
19934, 32.3243, 6.29974
19934, 31.2941, 5.21399
19934, 30.6902, 5.059
19934, 32.8398, 5.58151
19934, 31.6402, 5.87475
19934, 31.5409, 6.79871
19934, 30.6037, 6.26207
19934, 31.5328, 7.11941
19934, 33.53, 5.9782
19934, 31.9173, 4.29494
19934, 31.4503, 4.79988
19934, 30.4734, 6.30268
19934, 31.4855, 5.79534
19934, 30.9278, 5.4836
19935, 32.6381, 4.17028
19935, 30.5293, 6.23679
19935, 32.0255, 4.11225
19935, 31.8301, 4.63279
19935, 33.2516, 6.67243
19935, 32.3028, 6.74999
19935, 31.7062, 4.81554
19935, 32.8932, 6.57019
19935, 31.9041, 4.79469
19935, 30.9825, 5.84119
19935, 30.3391, 5.75579
19935, 30.8186, 6.20184
19935, 32.5379, 6.29357
19935, 32.5173, 4.31118
19935, 31.987, 5.84238
19935, 32.8394, 4.57772
19935, 33.8553, 6.45059
19935, 32.1103, 5.67038
19935, 32.4986, 6.22297
19935, 31.9565, 5.38978
19935, 32.5753, 5.24536
19935, 30.5642, 5.69573
19935, 31.6881, 5.63754
19935, 31.5411, 6.13458
19935, 30.9899, 6.19502
19935, 32.3641, 6.22173
19935, 32.0857, 6.81042
19935, 30.3723, 6.63771
19935, 31.9033, 5.25595
19935, 32.426, 5.54494
19935, 31.5409, 4.12212
19935, 33.5252, 4.55046
19935, 30.8125, 5.28475
19935, 31.3375, 5.73308
19935, 31.5326, 5.40786
19935, 31.3159, 5.97215
19935, 33.1468, 5.44737
19935, 31.9138, 5.31863
19935, 31.0805, 7.27482
19935, 32.3587, 7.0423
19935, 29.9911, 5.69493
19935, 32.1719, 5.50965
19935, 31.5265, 6.04381
19935, 30.7168, 6.58979
19935, 30.9377, 7.52796
19935, 31.8548, 5.84502
19935, 32.8606, 4.79903
19935, 32.3615, 6.9793
19935, 30.7653, 7.40289
19935, 31.6445, 4.6
19935, 32.6322, 4.67903
19935, 32.594, 6.00849
19935, 31.4934, 6.38365
19935, 31.0032, 6.66132
19935, 32.331, 5.77555
19935, 31.2106, 5.25011
19935, 31.6943, 5.04586
19935, 31.0141, 4.72529
19935, 30.6394, 5.3324
19935, 31.7686, 5.52124
19935, 31.9674, 7.0271
19935, 32.1657, 6.33432
19935, 33.4044, 5.42945
19935, 31.7715, 6.56848
19935, 31.8561, 6.29904
19935, 30.2592, 5.5155
19935, 31.1109, 4.2529
19935, 30.6463, 5.68383
19935, 32.2202, 6.39232
19935, 32.625, 6.73684
19935, 32.2342, 6.66968
19935, 30.7965, 5.81948
19935, 31.4464, 5.27647
19935, 31.9366, 6.03836
19935, 30.5475, 6.45386
19935, 29.6699, 6.83344
19935, 31.52, 4.91083
19935, 30.6728, 5.29357
19935, 32.2718, 5.73925
19935, 31.5497, 6.91345
19935, 31.7352, 5.49947
19935, 33.4414, 5.59928
19935, 31.3387, 5.32851
19935, 31.433, 6.78517
19935, 30.9407, 5.06442
19935, 31.7962, 7.03391
19935, 31.9198, 4.86398
19935, 30.5447, 5.95865
19935, 32.0644, 5.65877
19935, 29.3922, 5.91655
19935, 33.323, 5.42691
19935, 30.9918, 5.59013
19935, 32.9861, 5.47468
19935, 30.9702, 6.72106
19935, 32.4736, 5.92026
19935, 32.4354, 7.40353
19935, 32.167, 5.37609
19935, 32.1586, 4.83293
19935, 31.8921, 7.19377
19935, 31.5234, 4.98306
19936, 32.3129, 5.07626
19936, 30.4872, 4.93428
19936, 31.5969, 6.22908
19936, 32.2739, 5.11206
19936, 32.135, 4.27609
19936, 32.8644, 5.0812
19936, 31.0963, 4.73574
19936, 30.9806, 5.55173
19936, 30.7763, 5.48021
19936, 32.1283, 6.07417
19936, 31.6809, 6.70036
19936, 31.2174, 5.35115
19936, 31.6019, 6.54993
19936, 31.9265, 5.59748
19936, 30.8727, 5.93229
19936, 31.778, 4.81417
19936, 32.5511, 6.0384
19936, 31.9929, 7.20629
19936, 30.8589, 6.22263
19936, 31.3997, 5.56162
19936, 32.4276, 5.03283
19936, 31.6917, 6.62175
19936, 31.4635, 5.81101
19936, 31.5046, 5.27464
19936, 31.2341, 6.91373
19936, 31.4871, 6.11437
19936, 30.8968, 4.55869
19936, 31.8654, 5.58214
19936, 31.6825, 5.56931
19936, 32.8935, 5.48773
19936, 31.0597, 5.31089
19936, 32.2602, 5.92165
19936, 31.9761, 5.50029
19936, 32.6182, 3.71581
19936, 31.3289, 5.39018
19936, 31.5472, 4.06081
19936, 31.963, 4.36867
19936, 31.2052, 6.8964
19936, 31.5595, 6.13285
19936, 30.4352, 4.65316
19936, 32.1143, 5.13508
19936, 30.0593, 6.77307
19936, 32.5843, 6.20101
19936, 31.4595, 4.66433
19936, 31.6581, 4.83596
19936, 30.941, 5.69514
19936, 29.9816, 6.25129
19936, 31.0183, 4.24043
19936, 32.3645, 5.5811
19936, 33.1644, 3.97414
19936, 32.0244, 5.24098
19936, 32.2742, 4.86931
19936, 32.2603, 6.24287
19936, 33.4967, 5.66412
19936, 31.9689, 7.60594
19936, 31.9953, 5.64217
19936, 31.7018, 4.98616
19936, 32.2705, 6.15442
19936, 31.7118, 6.75283
19936, 31.2073, 5.62655
19936, 30.961, 5.7103
19936, 30.5352, 3.48372
19936, 31.7581, 4.96234
19936, 32.002, 5.06746
19936, 31.9193, 5.28944
19936, 32.5064, 4.06565
19936, 32.3456, 6.42219
19936, 33.0067, 4.88021
19936, 33.4244, 5.86944
19936, 31.3923, 6.43322
19936, 32.867, 4.92634
19936, 32.9757, 5.3285
19936, 30.3341, 5.21412
19936, 31.0025, 5.75775
19936, 31.4777, 5.26429
19936, 31.587, 5.66408
19936, 32.4675, 5.33405
19936, 31.9178, 7.39197
19936, 31.0039, 4.94289
19936, 32.4698, 5.4305
19936, 32.1428, 5.36859
19936, 32.7877, 6.954
19936, 31.3018, 5.7114
19936, 29.0927, 7.11466
19936, 31.8677, 5.75197
19936, 32.2871, 6.10772
19936, 30.6132, 6.22849
19936, 31.2729, 6.11674
19936, 32.0541, 4.0037
19936, 32.3154, 7.46715
19936, 31.8765, 6.52611
19936, 32.1104, 7.02605
19936, 32.2777, 5.61174
19936, 30.8015, 5.74605
19936, 32.1477, 5.27553
19936, 31.6197, 4.86703
19936, 32.5753, 4.91948
19936, 32.2064, 4.66759
19936, 31.3386, 3.52359
19936, 32.4892, 5.5575
19937, 32.7199, 5.94254
19937, 30.8411, 5.96561
19937, 32.5052, 5.59311
19937, 32.501, 6.89193
19937, 31.6268, 5.08562
19937, 31.4299, 5.00523
19937, 32.8983, 5.10757
19937, 30.5705, 4.30964
19937, 32.6321, 6.50278
19937, 31.59, 5.3358
19937, 31.9549, 6.5219
19937, 30.5627, 5.94059
19937, 31.1696, 6.33671
19937, 32.0078, 5.84659
19937, 30.9925, 6.7182
19937, 32.3497, 6.43079
19937, 30.4984, 5.57953
19937, 31.3593, 6.17309
19937, 31.4596, 4.64733
19937, 31.9218, 5.88318
19937, 31.0724, 6.2731
19937, 30.4119, 3.91875
19937, 31.7777, 6.22139
19937, 30.4398, 6.15141
19937, 32.0383, 5.23895
19937, 32.1086, 4.23676
19937, 31.3223, 6.65582
19937, 31.1697, 7.0858
19937, 32.4661, 4.12127
19937, 30.6954, 5.43752
19937, 33.7048, 5.38815
19937, 31.8075, 6.74062
19937, 31.2728, 7.09109
19937, 32.8189, 5.96341
19937, 32.4135, 6.838
19937, 30.8455, 6.1781
19937, 31.6919, 6.01395
19937, 29.3995, 5.4067
19937, 32.5203, 5.70375
19937, 31.4805, 5.12857
19937, 33.1074, 5.1715
19937, 32.1275, 3.94178
19937, 31.6299, 5.48707
19937, 31.7617, 4.90091
19937, 32.6043, 6.08188
19937, 32.5415, 5.96419
19937, 31.731, 7.10469
19937, 32.3841, 6.69682
19937, 32.1334, 4.66709
19937, 33.3046, 5.92307
19937, 33.0944, 5.75119
19937, 30.816, 5.52441
19937, 31.5457, 5.34227
19937, 31.878, 5.86586
19937, 31.7216, 5.79286
19937, 30.8288, 5.75242
19937, 32.6303, 6.09711
19937, 29.787, 6.76325
19937, 32.0765, 5.38219
19937, 31.9098, 6.31856
19937, 31.357, 4.13134
19937, 32.7877, 4.85707
19937, 32.5503, 5.16824
19937, 31.3195, 6.48352
19937, 31.628, 5.97236
19937, 33.0756, 4.28308
19937, 32.1247, 4.55114
19937, 31.7547, 4.96475
19937, 31.1375, 5.60655
19937, 31.1602, 4.87234
19937, 31.7125, 6.04289
19937, 31.142, 5.87146
19937, 32.0963, 6.2867
19937, 32.1578, 5.70574
19937, 30.7168, 5.37869
19937, 30.6146, 5.13143
19937, 32.1044, 5.58325
19937, 31.2159, 6.26887
19937, 31.3197, 3.80889
19937, 31.9255, 6.73534
19937, 32.1035, 5.88262
19937, 31.3401, 6.41991
19937, 32.6127, 6.51471
19937, 30.2165, 6.36144
19937, 31.3083, 6.20359
19937, 31.0467, 5.26134
19937, 32.1729, 5.40465
19937, 32.0724, 5.9102
19937, 31.7743, 4.63275
19937, 30.7459, 5.88851
19937, 31.191, 5.39278
19937, 31.4417, 4.78984
19937, 31.5751, 4.21068
19937, 31.8394, 5.5834
19937, 32.6106, 5.94404
19937, 30.9507, 5.05105
19937, 31.9592, 5.44544
19937, 33.2445, 5.12775
19937, 32.0083, 5.59853
19937, 32.3584, 6.24416
19938, 31.2472, 6.25789
19938, 32.8063, 5.4291
19938, 31.1214, 6.76055
19938, 32.4014, 3.13559
19938, 31.6188, 6.2461
19938, 31.2722, 4.69373
19938, 32.2295, 6.14068
19938, 32.3177, 5.37733
19938, 32.0501, 5.84632
19938, 31.9855, 4.2671
19938, 31.7814, 6.13872
19938, 32.0443, 6.2132
19938, 32.6357, 6.70291
19938, 31.6278, 6.69666
19938, 31.7788, 4.89886
19938, 31.1181, 6.6569
19938, 32.7064, 5.15996
19938, 31.5426, 5.21556
19938, 30.5457, 5.77667
19938, 32.9157, 5.58442
19938, 32.2185, 5.14761
19938, 30.828, 4.31489
19938, 31.2949, 6.81571
19938, 33.3593, 6.06161
19938, 31.6364, 4.85971
19938, 31.537, 5.76118
19938, 32.0286, 4.92284
19938, 32.1493, 5.85047
19938, 32.4646, 5.45355
19938, 32.2596, 5.38973
19938, 31.5572, 7.25266
19938, 31.785, 4.62315
19938, 32.1966, 4.50545
19938, 30.7099, 6.09925
19938, 30.8368, 3.83929
19938, 31.9171, 6.31212
19938, 31.0213, 4.58235
19938, 32.5172, 5.33335
19938, 31.5104, 4.43707
19938, 32.103, 5.25174
19938, 30.2286, 5.29209
19938, 33.8688, 5.99424
19938, 31.8653, 5.37463
19938, 33.0581, 5.50516
19938, 31.566, 6.29646
19938, 30.9537, 4.70764
19938, 32.0543, 5.80329
19938, 32.6753, 5.58001
19938, 31.068, 5.76766
19938, 32.1129, 5.40891
19938, 32.2533, 5.76712
19938, 30.6455, 5.43929
19938, 31.6723, 6.39108
19938, 31.3689, 6.57125
19938, 32.6414, 6.1304
19938, 30.1116, 5.90042
19938, 29.6575, 5.38747
19938, 31.2211, 4.51247
19938, 31.5458, 4.74681
19938, 31.7917, 5.16642
19938, 31.5152, 5.02875
19938, 31.4996, 5.97154
19938, 29.8381, 4.88312
19938, 32.421, 4.75222
19938, 31.79, 6.51187
19938, 32.939, 5.18008
19938, 32.6636, 4.92322
19938, 31.7305, 5.33841
19938, 31.2532, 6.57513
19938, 31.6366, 5.42324
19938, 31.3694, 6.82368
19938, 30.8623, 5.44566
19938, 31.3151, 5.5604
19938, 31.9762, 4.24933
19938, 32.132, 4.62737
19938, 33.5943, 3.97198
19938, 33.3959, 6.12656
19938, 31.5073, 5.74076
19938, 31.3348, 5.45297
19938, 31.3194, 5.09598
19938, 32.2041, 5.991
19938, 33.1661, 4.54078
19938, 31.6009, 6.88157
19938, 31.4635, 5.85195
19938, 32.418, 5.50753
19938, 30.5346, 6.01299
19938, 32.5982, 6.29628
19938, 31.9271, 5.18816
19938, 32.0376, 3.56116
19938, 32.3102, 5.07156
19938, 31.6272, 5.33597
19938, 31.4564, 5.70661
19938, 32.0584, 5.45802
19938, 32.6206, 4.67708
19938, 30.7213, 6.62516
19938, 32.867, 4.54025
19938, 31.7636, 5.28513
19938, 31.2983, 5.17527
19938, 30.8311, 5.73969
19938, 31.8033, 7.14358
19939, 31.4719, 5.54142
19939, 32.578, 4.18707
19939, 30.8841, 6.51488
19939, 30.8344, 6.13904
19939, 32.1651, 5.5687
19939, 31.4636, 6.05207
19939, 31.9411, 5.95323
19939, 31.1635, 5.93864
19939, 33.2066, 5.91625
19939, 32.3634, 5.23274
19939, 32.4207, 6.45177
19939, 32.2501, 6.6987
19939, 30.751, 6.08358
19939, 31.4988, 5.06007
19939, 31.9719, 4.31926
19939, 31.5447, 5.29422
19939, 32.0322, 4.87726
19939, 31.2132, 6.46923
19939, 32.0763, 6.05119
19939, 31.6243, 5.01052
19939, 31.0593, 5.93743
19939, 31.7961, 5.29484
19939, 30.6392, 4.46522
19939, 31.9963, 5.21035
19939, 30.6543, 5.38375
19939, 31.3085, 5.39491
19939, 31.3878, 5.56505
19939, 32.5803, 5.54592
19939, 32.5535, 5.85535
19939, 31.3947, 4.53734
19939, 32.4561, 6.65173
19939, 32.153, 5.38234
19939, 32.4328, 5.94125
19939, 30.3471, 6.19982
19939, 32.7143, 6.06468
19939, 31.9895, 5.443
19939, 32.4006, 5.39537
19939, 30.9966, 6.20517
19939, 30.8472, 5.74815
19939, 31.2595, 5.91727
19939, 31.1513, 5.6501
19939, 31.3932, 5.66102
19939, 30.7744, 4.55638
19939, 32.1035, 6.0138
19939, 31.526, 5.51826
19939, 31.9777, 6.69008
19939, 31.5495, 4.79615
19939, 30.7183, 5.5549
19939, 31.1744, 4.80981
19939, 31.3842, 6.24725
19939, 31.2593, 6.83614
19939, 31.7789, 4.19375
19939, 31.8384, 5.09358
19939, 30.4867, 6.31282
19939, 32.5382, 5.41672
19939, 33.6044, 4.40441
19939, 31.3337, 6.82847
19939, 31.4428, 4.62327
19939, 30.394, 5.81079
19939, 32.6131, 4.84986
19939, 31.0909, 5.11994
19939, 32.3372, 4.83586
19939, 31.7083, 5.33403
19939, 32.1524, 6.59124
19939, 31.3252, 5.61054
19939, 33.1171, 6.95049
19939, 30.8501, 5.88071
19939, 31.8303, 5.04813
19939, 31.4937, 5.73667
19939, 30.3105, 5.50039
19939, 30.9528, 6.75227
19939, 32.113, 6.93085
19939, 30.9548, 6.62763
19939, 30.7769, 4.68691
19939, 31.5383, 6.36716
19939, 32.1481, 4.77704
19939, 31.8492, 4.11016
19939, 32.9019, 4.59126
19939, 32.1794, 6.43544
19939, 30.3377, 5.5291
19939, 29.6044, 5.26854
19939, 31.5702, 6.71578
19939, 32.4653, 5.6374
19939, 33.0627, 4.92565
19939, 32.3822, 5.31493
19939, 31.3728, 4.43946
19939, 31.8899, 6.63024
19939, 31.3985, 4.81595
19939, 32.3937, 5.77825
19939, 31.9233, 5.91467
19939, 31.6875, 5.98484
19939, 31.6525, 5.43608
19939, 31.5078, 5.3614
19939, 32.2507, 4.86234
19939, 32.0993, 4.64712
19939, 33.571, 5.66521
19939, 30.6249, 5.99865
19939, 31.2713, 5.53432
19939, 31.8983, 5.57038
19939, 31.7269, 7.33714
19940, 30.4711, 4.6624
19940, 29.475, 5.11814
19940, 32.1989, 3.96724
19940, 32.0154, 5.62199
19940, 33.2011, 5.11199
19940, 32.1472, 5.49175
19940, 32.555, 4.14216
19940, 32.7349, 5.47603
19940, 31.3282, 5.43989
19940, 32.6604, 4.87338
19940, 31.6191, 6.95149
19940, 31.4873, 6.41592
19940, 32.7152, 7.53821
19940, 33.1532, 5.01288
19940, 32.6851, 5.84847
19940, 32.9756, 4.8006
19940, 32.2431, 6.20873
19940, 31.389, 6.39345
19940, 29.977, 5.02426
19940, 31.3261, 5.00548
19940, 33.2483, 4.37478
19940, 32.5302, 6.0865
19940, 32.7106, 6.081
19940, 31.6368, 5.9768
19940, 31.6957, 5.71219
19940, 30.6331, 7.00885
19940, 31.3638, 5.76293
19940, 30.9254, 5.46446
19940, 31.7705, 4.59755
19940, 32.356, 6.20947
19940, 31.1739, 5.3622
19940, 32.0284, 6.44457
19940, 32.3675, 6.36724
19940, 31.6137, 3.75057
19940, 31.4142, 5.79314
19940, 32.1699, 5.975
19940, 30.3354, 5.28311
19940, 31.6977, 4.22801
19940, 32.9292, 4.7385
19940, 31.8095, 5.28708
19940, 30.9477, 4.73469
19940, 30.525, 5.74671
19940, 32.6202, 6.13207
19940, 32.1675, 6.37874
19940, 31.1025, 3.70555
19940, 32.5532, 5.71525
19940, 30.7658, 5.75756
19940, 32.5299, 4.50279
19940, 32.1529, 3.96796
19940, 29.9785, 4.36913
19940, 31.8036, 6.06592
19940, 33.4567, 4.76867
19940, 31.7766, 4.97363
19940, 31.0366, 5.70196
19940, 31.4426, 6.44041
19940, 31.1847, 5.52344
19940, 31.7224, 6.04697
19940, 32.5264, 5.97522
19940, 32.4935, 6.33085
19940, 32.4879, 4.90334
19940, 30.9924, 6.28813
19940, 31.3819, 5.62708
19940, 31.6054, 4.91641
19940, 30.5495, 3.74575
19940, 31.708, 3.42677
19940, 31.0537, 5.4999
19940, 32.0333, 5.0773
19940, 31.3229, 7.43088
19940, 31.395, 7.40775
19940, 31.4307, 5.7098
19940, 32.9426, 5.68187
19940, 30.0209, 6.2296
19940, 32.2719, 6.46614
19940, 31.6855, 5.09835
19940, 31.6997, 5.26863
19940, 31.266, 5.81201
19940, 31.0378, 5.79074
19940, 31.7255, 4.24493
19940, 31.8706, 6.62806
19940, 32.9603, 6.32863
19940, 30.6653, 5.00501
19940, 30.8877, 4.14674
19940, 31.2853, 7.27624
19940, 32.7217, 4.98554
19940, 31.5006, 5.19718
19940, 32.702, 5.68372
19940, 32.4379, 5.01503
19940, 30.167, 5.64736
19940, 31.1745, 5.98868
19940, 32.5265, 4.213
19940, 33.1343, 5.32555
19940, 30.235, 6.46947
19940, 32.4882, 4.86188
19940, 31.5547, 5.64141
19940, 30.489, 5.06899
19940, 31.8608, 4.23478
19940, 31.5235, 5.99453
19940, 32.3192, 5.26975
19940, 31.5124, 5.99288
19940, 32.9519, 6.64191
19941, 31.394, 5.58523
19941, 31.1966, 5.41224
19941, 31.9141, 6.23387
19941, 31.7561, 6.72405
19941, 32.68, 5.01953
19941, 31.2001, 6.10136
19941, 31.8867, 5.28979
19941, 31.2648, 5.51028
19941, 32.0462, 4.73733
19941, 31.6582, 5.72739
19941, 34.0939, 4.36426
19941, 31.52, 5.18977
19941, 31.7578, 6.31446
19941, 30.8876, 6.03911
19941, 31.0525, 6.67845
19941, 31.0965, 5.16762
19941, 31.042, 5.44494
19941, 32.0755, 5.11599
19941, 31.508, 4.03353
19941, 31.5391, 5.64066
19941, 30.981, 5.88241
19941, 31.185, 6.17368
19941, 32.8469, 4.74811
19941, 31.5713, 6.37161
19941, 31.7766, 5.1386
19941, 31.5761, 5.0586
19941, 30.7738, 5.99628
19941, 32.694, 5.09153
19941, 32.2314, 6.12666
19941, 31.0251, 5.91858
19941, 33.3344, 5.00246
19941, 33.0663, 5.0941
19941, 32.0314, 6.3901
19941, 32.0864, 5.74475
19941, 32.2559, 4.36904
19941, 31.2249, 5.93692
19941, 32.6571, 5.96002
19941, 30.4845, 5.89475
19941, 30.7983, 6.248
19941, 31.7893, 6.0502
19941, 32.1235, 5.6695
19941, 31.1817, 4.80427
19941, 30.6318, 5.93034
19941, 31.8532, 4.76759
19941, 32.3704, 5.86115
19941, 32.178, 4.71598
19941, 32.6046, 4.34196
19941, 32.6327, 4.89579
19941, 31.5387, 5.73606
19941, 32.0932, 4.28705
19941, 31.4659, 6.20791
19941, 30.9165, 5.62282
19941, 31.3702, 5.68884
19941, 32.2284, 6.76275
19941, 31.2444, 6.97624
19941, 31.0166, 5.64441
19941, 31.245, 5.14036
19941, 30.61, 5.40156
19941, 30.9642, 3.88599
19941, 30.801, 5.10978
19941, 31.2555, 4.82082
19941, 33.3509, 4.11232
19941, 30.209, 4.69123
19941, 30.479, 5.29964
19941, 31.1843, 5.25393
19941, 31.6297, 6.00001
19941, 32.0264, 6.43
19941, 31.8855, 6.06723
19941, 31.2618, 5.20436
19941, 31.051, 4.71807
19941, 32.1414, 5.32816
19941, 30.9243, 5.78444
19941, 32.3463, 4.2838
19941, 31.41, 5.65758
19941, 32.0727, 4.20794
19941, 30.8429, 6.41038
19941, 31.1312, 6.1185
19941, 31.3691, 5.56696
19941, 31.9696, 5.29342
19941, 32.6343, 5.46169
19941, 31.1051, 6.82113
19941, 31.9005, 4.7332
19941, 31.7751, 6.34459
19941, 30.4944, 6.23444
19941, 31.5863, 5.9707
19941, 30.9849, 5.14996
19941, 32.3182, 6.42425
19941, 31.1117, 6.95595
19941, 30.7562, 4.57327
19941, 31.5308, 5.41648
19941, 31.3981, 6.38581
19941, 31.6937, 5.74615
19941, 31.5768, 5.2633
19941, 32.4901, 4.54139
19941, 31.9043, 3.41171
19941, 33.1287, 6.11165
19941, 31.5153, 6.04373
19941, 31.1661, 5.20553
19941, 32.6952, 4.40909
19941, 31.9567, 6.48763
19942, 32.5115, 5.97196
19942, 31.6122, 6.24604
19942, 30.7727, 4.83585
19942, 32.1073, 6.51735
19942, 30.8643, 7.17769
19942, 33.1447, 5.80492
19942, 30.7479, 6.39172
19942, 31.9436, 5.67254
19942, 30.7063, 5.28068
19942, 31.4725, 5.81763
19942, 30.6678, 5.88992
19942, 31.1009, 5.33932
19942, 31.9069, 5.92912
19942, 32.0787, 5.96463
19942, 32.4428, 4.67792
19942, 30.9599, 4.78724
19942, 31.3319, 4.89333
19942, 30.5877, 5.117
19942, 31.5232, 4.93285
19942, 31.0693, 6.47793
19942, 31.1986, 4.56916
19942, 29.8895, 5.34841
19942, 31.5269, 6.54775
19942, 31.5824, 6.30413
19942, 30.9582, 5.27285
19942, 31.4292, 6.49784
19942, 31.8657, 4.92815
19942, 31.8987, 6.24749
19942, 30.6191, 6.04797
19942, 31.1565, 6.08021
19942, 32.6634, 5.55438
19942, 32.4327, 5.43829
19942, 31.6407, 6.0818
19942, 30.9057, 4.5474
19942, 29.8892, 5.18935
19942, 31.4186, 6.23698
19942, 31.0225, 6.37823
19942, 31.9421, 3.44098
19942, 32.355, 4.99882
19942, 32.8549, 5.33439
19942, 32.1338, 5.85458
19942, 31.9638, 4.30963
19942, 31.4769, 4.21464
19942, 30.8019, 5.09454
19942, 31.6787, 6.30988
19942, 32.7212, 6.27654
19942, 32.0324, 6.33906
19942, 32.6659, 6.33486
19942, 32.1829, 5.2992
19942, 32.3843, 6.67439
19942, 33.0781, 4.6015
19942, 31.382, 6.4043
19942, 31.2445, 5.94286
19942, 31.5654, 5.84372
19942, 31.1468, 5.72744
19942, 32.2302, 5.29343
19942, 31.0513, 5.02372
19942, 31.8482, 7.84008
19942, 33.8768, 6.17126
19942, 32.5256, 6.66276
19942, 32.2512, 4.66917
19942, 32.2486, 6.35601
19942, 32.0105, 5.57321
19942, 31.4225, 6.16699
19942, 32.5847, 6.54159
19942, 31.5399, 6.17934
19942, 31.6601, 6.5463
19942, 31.5204, 4.86645
19942, 31.7185, 5.15071
19942, 31.8488, 5.05867
19942, 31.144, 4.82661
19942, 30.9875, 5.063
19942, 31.1439, 5.43635
19942, 32.1728, 5.25417
19942, 31.8083, 4.37857
19942, 30.7037, 5.95397
19942, 32.7168, 4.92539
19942, 33.4989, 5.03329
19942, 31.8582, 5.65098
19942, 30.8431, 5.14847
19942, 32.8934, 4.90305
19942, 32.0956, 6.49533
19942, 30.5823, 6.30404
19942, 32.7129, 6.30184
19942, 32.9418, 5.94478
19942, 31.4918, 6.12765
19942, 31.1836, 5.65099
19942, 30.1524, 6.99468
19942, 30.969, 6.12403
19942, 31.983, 4.68859
19942, 32.7559, 6.3808
19942, 31.1932, 4.43095
19942, 32.3386, 5.85041
19942, 32.3598, 4.34659
19942, 31.1161, 6.30974
19942, 31.1162, 4.94212
19942, 32.2174, 4.67208
19942, 31.9423, 5.78837
19942, 30.7919, 4.45675
19942, 31.2458, 6.33318
19943, 29.5194, 7.51086
19943, 33.4091, 4.93405
19943, 31.0248, 6.62701
19943, 31.0172, 6.01125
19943, 30.916, 4.82868
19943, 31.016, 6.52061
19943, 30.4397, 5.46208
19943, 32.6999, 5.3701
19943, 31.6585, 5.77129
19943, 31.553, 5.69427
19943, 30.3915, 6.11165
19943, 31.2531, 4.96906
19943, 33.9326, 5.53683
19943, 30.9822, 5.28764
19943, 31.8225, 5.90661
19943, 31.7313, 4.74878
19943, 32.5533, 5.38887
19943, 32.4191, 4.83976
19943, 31.4516, 6.48365
19943, 32.0563, 6.85246
19943, 31.8744, 6.27585
19943, 32.1057, 5.88582
19943, 32.4227, 5.90059
19943, 33.4594, 5.14316
19943, 30.2347, 4.73682
19943, 32.0082, 4.76202
19943, 31.4368, 6.28712
19943, 31.6879, 7.75066
19943, 31.8625, 5.83297
19943, 29.9149, 5.72379
19943, 31.778, 6.57065
19943, 31.3919, 5.4453
19943, 31.9563, 4.58787
19943, 32.7764, 4.56105
19943, 31.5862, 6.04535
19943, 33.2474, 6.16447
19943, 29.7372, 5.75754
19943, 32.301, 6.76984
19943, 31.7203, 5.46722
19943, 33.0387, 5.77663
19943, 33.7067, 5.76005
19943, 33.3616, 5.59206
19943, 30.9488, 4.41114
19943, 31.1825, 5.45865
19943, 31.1969, 5.52158
19943, 31.1207, 5.50259
19943, 33.0166, 6.24535
19943, 31.6649, 7.55693
19943, 30.3448, 5.26485
19943, 31.535, 4.37348
19943, 30.8333, 6.33402
19943, 32.2214, 5.7222
19943, 30.3233, 7.34162
19943, 30.4654, 6.97817
19943, 31.4744, 4.8611
19943, 32.7989, 5.37085
19943, 31.9568, 5.66154
19943, 31.0736, 5.58719
19943, 31.4619, 5.05231
19943, 32.5246, 6.55656
19943, 31.3079, 4.72663
19943, 31.8068, 5.36932
19943, 30.3923, 5.04477
19943, 30.469, 5.87106
19943, 30.7753, 7.00239
19943, 33.2827, 5.20271
19943, 32.6129, 5.30746
19943, 31.4467, 5.19387
19943, 32.1102, 5.19524
19943, 33.4343, 4.77684
19943, 31.0784, 5.69804
19943, 31.1498, 5.17711
19943, 30.2543, 6.39757
19943, 31.1045, 4.66339
19943, 31.5565, 7.32323
19943, 32.9132, 5.82391
19943, 30.5317, 4.99319
19943, 32.4525, 4.68244
19943, 31.5872, 5.86239
19943, 31.1059, 6.69317
19943, 32.5737, 6.02058
19943, 30.5481, 5.97458
19943, 32.2145, 5.33103
19943, 33.3383, 5.35705
19943, 31.3022, 5.57532
19943, 32.8763, 4.71922
19943, 31.6285, 5.07745
19943, 31.983, 6.43626
19943, 31.3253, 6.48468
19943, 31.1801, 4.42692
19943, 32.7045, 7.32651
19943, 31.5105, 4.60395
19943, 32.8896, 6.15002
19943, 31.7677, 5.39155
19943, 31.805, 5.63249
19943, 33.3622, 6.82691
19943, 32.1084, 5.25241
19943, 31.9574, 3.59941
19943, 32.4587, 6.27052
19943, 31.4798, 6.21133
19944, 31.5884, 5.02417
19944, 31.0841, 4.96585
19944, 31.2343, 5.53627
19944, 32.5302, 5.79274
19944, 30.3099, 6.1958
19944, 31.0687, 5.91462
19944, 32.4097, 5.89153
19944, 31.4507, 5.6465
19944, 30.9128, 5.55462
19944, 32.2955, 4.67224
19944, 31.8176, 5.22322
19944, 31.301, 5.95763
19944, 31.098, 5.11909
19944, 32.744, 4.63715
19944, 32.6316, 6.03787
19944, 30.8302, 6.38935
19944, 30.7336, 6.04971
19944, 32.0609, 5.65401
19944, 31.5277, 5.37659
19944, 31.76, 5.87422
19944, 32.2079, 5.76072
19944, 31.2104, 6.95862
19944, 31.4658, 4.40686
19944, 32.8263, 6.73156
19944, 32.0382, 5.76597
19944, 31.363, 5.36085
19944, 30.9381, 4.87745
19944, 31.9274, 5.28398
19944, 31.3204, 6.48039
19944, 31.7942, 5.43926
19944, 31.7692, 6.215
19944, 30.7941, 5.51271
19944, 32.6951, 6.65864
19944, 31.6548, 3.68081
19944, 32.4596, 5.15434
19944, 32.6305, 5.89329
19944, 30.8572, 3.95732
19944, 32.1385, 6.02119
19944, 31.3553, 7.19963
19944, 31.4926, 4.29367
19944, 30.9561, 5.31012
19944, 31.5509, 5.51062
19944, 31.0613, 5.68951
19944, 31.5395, 4.14912
19944, 30.9023, 6.73257
19944, 32.779, 5.78481
19944, 32.1584, 4.23488
19944, 30.1793, 6.91932
19944, 32.7346, 5.93563
19944, 31.0639, 7.68139
19944, 30.7101, 6.4636
19944, 33.3454, 6.45215
19944, 32.4019, 5.25453
19944, 30.8562, 5.0684
19944, 30.6759, 6.60405
19944, 32.3306, 6.92874
19944, 33.6588, 5.79886
19944, 32.7249, 4.79953
19944, 29.9305, 6.2195
19944, 31.0612, 5.93754
19944, 31.5247, 4.71698
19944, 31.0983, 6.65615
19944, 32.6698, 4.97172
19944, 31.6472, 6.9091
19944, 31.5543, 4.62795
19944, 32.6475, 6.55663
19944, 31.5809, 5.4329
19944, 32.5482, 5.57708
19944, 32.1909, 6.73902
19944, 31.3021, 4.70508
19944, 31.2146, 7.21197
19944, 31.0666, 6.03023
19944, 30.8754, 5.44161
19944, 31.6475, 5.92328
19944, 31.2522, 6.00688
19944, 31.5453, 5.95994
19944, 31.875, 5.58115
19944, 32.2925, 5.6612
19944, 30.8438, 4.68359
19944, 31.221, 4.51867
19944, 32.2569, 5.18396
19944, 30.6364, 5.52693
19944, 32.3207, 5.919
19944, 31.909, 5.80398
19944, 31.8854, 5.30242
19944, 32.2085, 4.96351
19944, 30.9643, 5.43029
19944, 31.9933, 6.29093
19944, 30.6763, 6.52041
19944, 31.3403, 5.58807
19944, 32.3687, 5.05903
19944, 31.6877, 5.60443
19944, 30.2933, 5.69161
19944, 31.9148, 6.39376
19944, 30.9416, 4.8792
19944, 32.3419, 4.90536
19944, 32.8796, 4.60446
19944, 30.3141, 5.96374
19944, 30.9492, 4.27913
19944, 33.1293, 6.26601
19945, 31.8751, 5.95443
19945, 31.7213, 5.67875
19945, 31.7458, 5.93173
19945, 31.0479, 7.16803
19945, 30.0151, 6.552
19945, 32.3727, 6.13896
19945, 31.744, 5.0135
19945, 31.901, 6.35717
19945, 32.7278, 5.11616
19945, 31.9609, 5.31884
19945, 30.3687, 5.94605
19945, 31.3232, 7.15249
19945, 32.4001, 4.94398
19945, 32.3499, 5.07008
19945, 31.0354, 5.36161
19945, 32.2366, 5.6799
19945, 31.151, 5.64649
19945, 31.5525, 6.1683
19945, 32.341, 4.10757
19945, 32.5754, 5.94419
19945, 30.9743, 5.60109
19945, 31.6512, 3.9161
19945, 31.8611, 5.68855
19945, 32.9713, 5.86748
19945, 32.2387, 5.39436
19945, 31.5038, 4.88495
19945, 31.6919, 7.01238
19945, 31.5099, 6.20583
19945, 31.9178, 5.42168
19945, 31.7754, 6.16472
19945, 32.0456, 6.19434
19945, 30.8824, 5.85734
19945, 31.8281, 5.34888
19945, 31.9124, 4.13887
19945, 32.2139, 6.35747
19945, 31.6365, 6.18598
19945, 32.2228, 6.11027
19945, 30.9883, 4.65902
19945, 31.8939, 5.735
19945, 31.2103, 4.70686
19945, 30.3408, 5.31427
19945, 32.4662, 5.98052
19945, 33.365, 4.34673
19945, 33.1049, 5.59466
19945, 31.3147, 5.1467
19945, 31.3774, 5.06674
19945, 30.0823, 4.62068
19945, 31.1198, 6.46864
19945, 32.4446, 4.42398
19945, 31.8498, 5.67969
19945, 31.7605, 4.52012
19945, 31.9423, 3.89858
19945, 31.1207, 4.1261
19945, 32.0798, 7.17393
19945, 32.7417, 5.59272
19945, 33.057, 4.99683
19945, 31.3833, 4.91817
19945, 32.083, 3.99711
19945, 31.5258, 5.28763
19945, 32.9136, 6.7286
19945, 31.9022, 5.96152
19945, 31.8326, 5.86315
19945, 32.2946, 6.36281
19945, 33.0977, 5.77227
19945, 31.0994, 5.40849
19945, 32.4694, 7.21069
19945, 31.7553, 5.90197
19945, 31.2232, 5.12616
19945, 30.003, 5.05076
19945, 29.6951, 7.05188
19945, 32.0723, 5.73048
19945, 32.5091, 4.95974
19945, 32.0768, 5.98387
19945, 32.5903, 5.03086
19945, 29.8835, 5.78031
19945, 30.8691, 7.3675
19945, 31.9192, 6.2675
19945, 31.6226, 5.31084
19945, 31.4444, 5.66011
19945, 31.758, 5.16881
19945, 32.8373, 5.19071
19945, 31.1835, 6.02158
19945, 32.1272, 5.27127
19945, 31.3065, 5.38847
19945, 33.0607, 4.52893
19945, 31.145, 4.70817
19945, 31.5466, 6.15151
19945, 31.2314, 6.66327
19945, 31.3971, 5.26152
19945, 31.826, 6.35831
19945, 31.3318, 6.39271
19945, 30.7529, 8.08536
19945, 31.4032, 5.11156
19945, 32.5354, 5.29409
19945, 30.7172, 5.98179
19945, 30.1637, 5.57632
19945, 32.1842, 5.75274
19945, 32.9664, 5.46036
19945, 31.5331, 5.66435
19945, 32.682, 5.63388
19946, 30.3932, 5.36205
19946, 31.149, 5.01033
19946, 32.9396, 4.85251
19946, 32.2392, 6.10693
19946, 31.2541, 6.42659
19946, 32.2478, 4.27434
19946, 31.2551, 4.96973
19946, 33.1365, 6.02156
19946, 31.0199, 6.17283
19946, 32.8782, 6.41476
19946, 31.0499, 4.64159
19946, 31.8585, 5.37059
19946, 31.1033, 4.36095
19946, 32.2045, 5.38392
19946, 31.801, 5.63719
19946, 30.7811, 6.10365
19946, 31.6968, 4.66093
19946, 30.7663, 5.04938
19946, 31.3176, 5.40455
19946, 31.0936, 6.65545
19946, 32.0613, 4.49866
19946, 31.1688, 6.91976
19946, 32.3136, 5.01024
19946, 31.2, 5.0638
19946, 30.6026, 5.5832
19946, 32.6211, 6.35683
19946, 32.3263, 6.15374
19946, 32.3955, 5.47718
19946, 31.7315, 6.38057
19946, 31.206, 4.12193
19946, 32.8985, 6.36015
19946, 31.6586, 4.8237
19946, 31.224, 5.45448
19946, 31.3541, 6.30384
19946, 30.594, 5.20167
19946, 32.4113, 4.48122
19946, 32.3892, 5.65949
19946, 30.8546, 6.46737
19946, 31.7622, 6.76427
19946, 31.5477, 6.6599
19946, 31.5846, 4.79286
19946, 31.4567, 4.72152
19946, 32.1077, 5.40881
19946, 32.2553, 5.95844
19946, 32.2605, 4.94896
19946, 33.4049, 7.18026
19946, 32.2073, 5.04275
19946, 31.824, 5.84188
19946, 32.5549, 6.21444
19946, 31.7453, 5.73086
19946, 32.3196, 6.41849
19946, 32.7015, 5.1137
19946, 32.2758, 4.26401
19946, 30.7742, 5.34107
19946, 32.1523, 5.72494
19946, 31.5083, 5.11638
19946, 30.0638, 5.06149
19946, 32.3408, 6.32909
19946, 31.432, 5.14324
19946, 32.082, 5.92108
19946, 30.7256, 6.21397
19946, 31.3972, 4.94608
19946, 32.6387, 3.30304
19946, 31.7743, 5.46468
19946, 32.2789, 4.30489
19946, 31.5783, 4.17523
19946, 31.6817, 5.92512
19946, 32.2537, 5.78566
19946, 31.904, 6.33279
19946, 32.0969, 3.97482
19946, 31.9548, 4.69372
19946, 33.6135, 5.04862
19946, 33.2848, 5.38705
19946, 32.5916, 5.89209
19946, 31.7957, 5.4636
19946, 31.1714, 6.75993
19946, 30.3393, 5.77626
19946, 31.0618, 6.9825
19946, 29.9704, 4.16284
19946, 32.4394, 4.49472
19946, 31.2089, 4.63076
19946, 31.5167, 4.91447
19946, 33.2284, 4.6609
19946, 32.4516, 4.80944
19946, 29.9339, 5.97391
19946, 32.2839, 3.13181
19946, 30.878, 5.62935
19946, 32.0532, 6.34929
19946, 31.4789, 7.09029
19946, 29.813, 5.93927
19946, 32.419, 6.03238
19946, 32.3269, 6.25661
19946, 31.6849, 5.91418
19946, 31.4842, 6.65901
19946, 31.735, 6.51167
19946, 30.909, 6.67202
19946, 32.453, 5.33797
19946, 32.1396, 5.09343
19946, 32.4914, 6.02023
19946, 29.1324, 5.8112
19947, 31.02, 4.66963
19947, 31.9526, 5.76243
19947, 31.9737, 6.21301
19947, 31.9669, 4.83925
19947, 30.2232, 5.81244
19947, 29.1284, 5.23452
19947, 30.6616, 6.37404
19947, 32.7545, 3.95805
19947, 32.8366, 6.12044
19947, 31.9796, 6.2946
19947, 32.5968, 5.55445
19947, 31.2725, 5.80952
19947, 32.9927, 6.69857
19947, 30.2548, 5.19633
19947, 30.3682, 6.45875
19947, 31.7867, 5.14912
19947, 31.9523, 5.24942
19947, 33.8599, 5.3849
19947, 32.3792, 5.25101
19947, 32.356, 6.76615
19947, 32.3708, 6.08034
19947, 32.6767, 4.32849
19947, 32.6775, 4.94265
19947, 30.7693, 6.12408
19947, 31.625, 6.75321
19947, 31.5228, 5.73364
19947, 32.6366, 6.54794
19947, 31.0637, 6.35207
19947, 31.8866, 4.90387
19947, 32.2902, 6.04533
19947, 30.9524, 5.50399
19947, 31.3659, 5.1824
19947, 31.1033, 7.09206
19947, 31.4498, 5.57455
19947, 32.4364, 4.13168
19947, 31.2397, 4.98506
19947, 32.2159, 6.06684
19947, 30.019, 6.55167
19947, 31.9952, 6.91508
19947, 32.4284, 6.26567
19947, 31.3191, 3.92366
19947, 32.7598, 5.66532
19947, 31.4965, 6.19121
19947, 31.6614, 7.40667
19947, 32.8508, 4.64435
19947, 31.0433, 5.73506
19947, 31.1497, 6.4867
19947, 31.8227, 5.74016
19947, 32.4809, 4.98153
19947, 31.7835, 5.68428
19947, 32.8866, 6.11591
19947, 32.3952, 5.49682
19947, 30.8446, 4.45758
19947, 30.98, 6.4972
19947, 30.0614, 6.28627
19947, 31.8471, 6.85458
19947, 32.9657, 5.56282
19947, 31.001, 4.57872
19947, 31.3849, 5.24463
19947, 32.069, 6.79654
19947, 33.0673, 4.31404
19947, 31.4876, 7.09383
19947, 31.9445, 4.92156
19947, 32.1038, 4.51954
19947, 32.1577, 5.84967
19947, 32.1406, 5.09109
19947, 31.9292, 5.48501
19947, 31.8843, 5.10988
19947, 31.4351, 5.31675
19947, 31.726, 5.7098
19947, 32.1367, 5.90432
19947, 32.0378, 6.88388
19947, 32.9824, 5.67389
19947, 32.3546, 6.30542
19947, 31.8964, 5.87682
19947, 32.3366, 6.15842
19947, 31.5382, 5.64293
19947, 31.8069, 6.75239
19947, 31.5221, 5.34126
19947, 31.605, 5.46192
19947, 31.5834, 4.97091
19947, 30.5715, 6.59523
19947, 31.7418, 6.95078
19947, 31.264, 5.68259
19947, 33.0609, 5.95308
19947, 31.7827, 5.39954
19947, 30.8462, 5.59791
19947, 30.525, 6.846
19947, 33.7143, 4.75574
19947, 32.6672, 5.30888
19947, 32.0808, 6.43033
19947, 31.6418, 4.70982
19947, 31.5372, 5.73849
19947, 31.9965, 4.69251
19947, 31.5474, 5.61646
19947, 31.4115, 5.55313
19947, 31.4295, 6.75417
19947, 30.9044, 6.10311
19947, 33.1673, 5.56043
19947, 32.1513, 6.23886
19948, 32.3901, 6.61769
19948, 31.4521, 5.7723
19948, 31.3258, 6.86012
19948, 32.8678, 5.79198
19948, 31.8891, 5.23205
19948, 31.7354, 5.22079
19948, 31.3216, 4.62802
19948, 30.8666, 3.57862
19948, 32.1671, 3.46289
19948, 31.4998, 4.51162
19948, 30.1418, 6.20616
19948, 31.2901, 5.3545
19948, 32.4809, 5.34945
19948, 31.3775, 5.88418
19948, 32.5726, 6.19655
19948, 33.0305, 5.87435
19948, 31.4328, 5.22024
19948, 30.5614, 5.54327
19948, 33.2106, 6.76858
19948, 32.198, 7.51329
19948, 32.2907, 5.5212
19948, 31.7092, 6.76096
19948, 29.8083, 4.73101
19948, 30.4126, 6.51606
19948, 30.7341, 6.06147
19948, 32.0064, 3.31521
19948, 32.5185, 6.5603
19948, 31.8572, 5.55309
19948, 31.044, 6.22737
19948, 31.8157, 6.65675
19948, 32.2986, 5.78241
19948, 30.3129, 5.27359
19948, 32.3757, 7.10066
19948, 34.2594, 5.96067
19948, 31.9284, 4.53465
19948, 31.5436, 5.88322
19948, 32.0788, 6.56618
19948, 32.0486, 6.12647
19948, 31.0974, 5.71698
19948, 33.4677, 5.76194
19948, 31.6464, 5.78269
19948, 32.8574, 6.0161
19948, 32.1714, 6.29446
19948, 31.8193, 6.92526
19948, 33.2812, 5.90012
19948, 32.9383, 4.42541
19948, 31.2374, 3.74749
19948, 31.6594, 7.19674
19948, 31.8503, 4.85795
19948, 31.8211, 6.20914
19948, 32.3761, 5.81667
19948, 31.7626, 4.81512
19948, 31.198, 5.90851
19948, 32.7136, 5.74971
19948, 32.4487, 6.12092
19948, 30.9072, 4.48927
19948, 32.0248, 4.78878
19948, 32.0877, 5.42065
19948, 31.4497, 6.60568
19948, 30.7939, 5.90039
19948, 31.3149, 6.17036
19948, 31.5898, 4.78214
19948, 31.2761, 4.7645
19948, 32.6633, 6.42832
19948, 31.0644, 4.62956
19948, 31.9155, 6.04823
19948, 31.7252, 5.07326
19948, 32.2205, 7.03629
19948, 31.9825, 5.64469
19948, 31.085, 4.84394
19948, 32.3725, 7.18965
19948, 33.8931, 5.12495
19948, 31.7357, 4.73932
19948, 31.79, 4.27807
19948, 31.2685, 5.42199
19948, 30.9748, 4.52501
19948, 30.9317, 6.34912
19948, 31.4423, 4.64653
19948, 32.3674, 6.1189
19948, 32.9116, 3.54964
19948, 30.5569, 4.84345
19948, 32.0733, 5.60164
19948, 33.07, 6.65244
19948, 30.9412, 7.30101
19948, 31.8203, 4.56448
19948, 32.5425, 5.57288
19948, 30.7821, 3.95146
19948, 31.7194, 6.01739
19948, 32.9167, 5.65764
19948, 31.4259, 6.93531
19948, 31.3624, 6.16759
19948, 31.9014, 5.32028
19948, 31.084, 5.28857
19948, 31.0646, 5.07126
19948, 31.2827, 5.53515
19948, 30.8473, 6.4227
19948, 30.6679, 5.58499
19948, 32.1808, 5.83679
19948, 32.0096, 5.42387
19948, 32.2872, 6.51758
19949, 32.2461, 6.67437
19949, 31.1006, 5.02965
19949, 31.5807, 4.38426
19949, 32.4056, 5.47917
19949, 32.0857, 6.74904
19949, 31.6746, 3.76547
19949, 31.6533, 5.45
19949, 32.4819, 5.20043
19949, 30.8702, 5.61016
19949, 31.3389, 4.57539
19949, 30.3156, 6.63455
19949, 31.7558, 4.90282
19949, 31.0005, 4.8326
19949, 30.6938, 5.84467
19949, 33.4141, 7.60581
19949, 31.286, 4.88404
19949, 30.6348, 6.06389
19949, 31.553, 5.48995
19949, 33.9183, 5.79898
19949, 31.1717, 6.55999
19949, 31.3076, 5.63005
19949, 31.695, 6.31487
19949, 31.3961, 6.04088
19949, 31.347, 6.63321
19949, 31.2254, 4.94627
19949, 31.5101, 6.12648
19949, 31.8153, 6.48498
19949, 31.5108, 5.48691
19949, 31.4523, 4.48018
19949, 30.938, 5.82451
19949, 32.4591, 6.54101
19949, 33.2453, 4.70633
19949, 31.3908, 4.80805
19949, 32.1268, 6.37029
19949, 30.4583, 4.81479
19949, 32.3003, 6.64848
19949, 30.6265, 3.63462
19949, 31.8436, 5.02458
19949, 31.7427, 4.89823
19949, 31.7582, 5.24216
19949, 31.7735, 4.31358
19949, 31.6163, 5.09914
19949, 31.4983, 6.15799
19949, 32.5751, 3.71304
19949, 32.1628, 6.22732
19949, 31.9697, 5.76442
19949, 30.7278, 4.60314
19949, 32.1356, 5.3016
19949, 30.9862, 5.48539
19949, 31.337, 5.77083
19949, 32.9264, 6.53696
19949, 31.1365, 4.93093
19949, 30.856, 5.04778
19949, 32.8307, 5.21932
19949, 30.4593, 4.51599
19949, 30.3994, 7.81492
19949, 33.0443, 6.38869
19949, 31.9095, 5.84517
19949, 31.9337, 4.04241
19949, 32.5467, 4.97733
19949, 31.9183, 4.58812
19949, 31.6991, 4.97211
19949, 33.2088, 5.67022
19949, 32.1107, 5.67094
19949, 32.8453, 5.90695
19949, 30.8802, 4.73259
19949, 31.7161, 4.77588
19949, 31.4006, 6.43548
19949, 32.2236, 6.33166
19949, 30.7624, 4.09138
19949, 31.3465, 6.02354
19949, 31.36, 6.02577
19949, 32.9335, 4.73504
19949, 30.4924, 5.46276
19949, 31.9598, 5.25665
19949, 31.1254, 6.44946
19949, 33.1916, 6.01557
19949, 31.9097, 6.18009
19949, 30.2833, 5.65965
19949, 32.3167, 6.15087
19949, 30.9817, 5.70321
19949, 31.1541, 4.21504
19949, 33.4398, 4.46509
19949, 31.4266, 6.10773
19949, 30.6995, 6.99213
19949, 31.858, 5.22463
19949, 33.1967, 4.24702
19949, 31.559, 6.29818
19949, 30.8314, 4.31151
19949, 32.0047, 5.79807
19949, 32.3237, 6.67392
19949, 31.6806, 8.01826
19949, 31.5975, 5.65687
19949, 31.499, 6.59888
19949, 30.9524, 5.55723
19949, 31.8095, 6.07766
19949, 30.5248, 6.61057
19949, 32.8383, 6.28703
19949, 33.2311, 6.62157
19949, 32.4079, 4.36224
19950, 30.9641, 4.35561
19950, 32.1553, 6.12238
19950, 32.6854, 6.13335
19950, 33.0583, 7.7221
19950, 31.497, 4.92502
19950, 30.4653, 5.40351
19950, 33.2878, 5.68526
19950, 31.3085, 7.21932
19950, 30.0769, 6.40472
19950, 31.6678, 5.17348
19950, 31.7394, 5.05445
19950, 30.3662, 5.56508
19950, 31.6041, 6.38166
19950, 32.0146, 5.8217
19950, 31.7276, 5.57262
19950, 32.4097, 5.8859
19950, 31.2924, 4.19149
19950, 30.5228, 5.54754
19950, 32.4158, 6.39999
19950, 31.0542, 6.6105
19950, 31.6446, 4.37361
19950, 31.1953, 7.21013
19950, 30.3452, 5.09502
19950, 31.4657, 5.54774
19950, 31.2589, 5.2644
19950, 32.9484, 4.56253
19950, 30.8743, 6.1509
19950, 31.2186, 5.27363
19950, 31.3196, 6.39301
19950, 32.7673, 5.16187
19950, 31.9144, 5.48569
19950, 30.7676, 7.33442
19950, 31.5211, 7.64565
19950, 32.6513, 5.07757
19950, 30.6243, 5.62349
19950, 33.3072, 5.20627
19950, 31.4921, 4.97412
19950, 32.8354, 5.9255
19950, 31.6594, 5.40874
19950, 32.8346, 5.95891
19950, 31.6488, 5.99016
19950, 33.1098, 2.84571
19950, 31.8691, 6.14056
19950, 33.5489, 3.92963
19950, 30.6893, 5.40064
19950, 32.2945, 6.58757
19950, 31.664, 5.3941
19950, 31.866, 6.58631
19950, 30.8766, 5.70793
19950, 31.7328, 6.86011
19950, 31.1712, 6.98274
19950, 33.1547, 4.8348
19950, 30.4538, 5.28985
19950, 29.6818, 6.16627
19950, 32.0371, 3.8972
19950, 31.3925, 6.2114
19950, 30.8193, 5.7111
19950, 31.3588, 4.94018
19950, 32.7924, 3.9471
19950, 32.78, 5.60315
19950, 31.3156, 5.2794
19950, 32.2528, 5.27399
19950, 31.6639, 5.81499
19950, 32.7182, 5.63083
19950, 31.7112, 4.52001
19950, 31.1195, 5.82906
19950, 32.9474, 5.56078
19950, 31.7196, 5.38432
19950, 31.4217, 5.99881
19950, 32.4546, 4.6532
19950, 31.5476, 4.28989
19950, 31.6485, 4.40823
19950, 31.5994, 5.4594
19950, 31.6072, 4.70273
19950, 32.53, 6.28458
19950, 33.6932, 5.47321
19950, 32.7885, 5.87944
19950, 30.8121, 6.39979
19950, 32.189, 4.88915
19950, 32.0094, 7.01467
19950, 30.4374, 6.19291
19950, 31.5883, 5.63291
19950, 30.9955, 5.19948
19950, 30.6157, 5.63409
19950, 32.0964, 5.77412
19950, 29.9223, 5.20264
19950, 32.6451, 5.43812
19950, 32.0388, 5.70081
19950, 31.5751, 5.78072
19950, 32.3202, 5.82059
19950, 31.1393, 5.29338
19950, 30.25, 4.77006
19950, 33.0758, 5.00078
19950, 32.5221, 4.51818
19950, 31.3532, 5.72278
19950, 30.8115, 6.24265
19950, 31.3135, 6.39882
19950, 31.6487, 5.97697
19950, 29.7031, 6.26736
19950, 32.004, 5.34424
19951, 31.2346, 6.5085
19951, 32.9062, 5.42051
19951, 32.0047, 5.31047
19951, 31.6607, 5.54729
19951, 32.0122, 5.55765
19951, 31.1906, 6.43915
19951, 30.9049, 5.93813
19951, 31.1788, 5.23427
19951, 33.4297, 5.23284
19951, 31.9775, 4.47672
19951, 30.9701, 7.20474
19951, 31.8981, 5.45211
19951, 33.5794, 5.9216
19951, 30.3253, 7.072
19951, 31.6306, 4.91384
19951, 31.7159, 5.77957
19951, 31.6965, 5.29011
19951, 32.7436, 5.57181
19951, 32.0468, 5.49744
19951, 30.7738, 5.20279
19951, 31.3651, 6.06607
19951, 30.5622, 6.15273
19951, 32.1297, 5.56894
19951, 31.251, 5.96833
19951, 33.0502, 5.14059
19951, 30.9642, 6.01929
19951, 32.29, 6.86978
19951, 33.3485, 4.62464
19951, 30.7918, 5.86319
19951, 30.9324, 6.06755
19951, 32.2957, 4.32682
19951, 30.4086, 5.71935
19951, 33.34, 5.34482
19951, 31.1178, 6.06586
19951, 32.3524, 6.79075
19951, 31.5456, 5.09676
19951, 31.7771, 5.35122
19951, 31.4045, 6.44142
19951, 32.3404, 4.64818
19951, 32.5636, 6.67389
19951, 33.0526, 7.79136
19951, 30.5235, 5.50887
19951, 31.6158, 5.26347
19951, 32.1994, 4.50258
19951, 32.3044, 4.42193
19951, 31.5787, 6.6762
19951, 30.8392, 5.63768
19951, 31.3851, 6.08589
19951, 31.7885, 5.23976
19951, 29.9657, 5.81461
19951, 30.9952, 5.75497
19951, 30.5009, 4.93254
19951, 30.8787, 5.8067
19951, 32.2126, 5.76474
19951, 32.9728, 5.33179
19951, 32.6213, 5.04569
19951, 30.8333, 5.46001
19951, 32.08, 5.10278
19951, 31.4442, 6.06301
19951, 31.1881, 5.92036
19951, 33.4771, 5.98668
19951, 31.8194, 5.80665
19951, 32.3839, 5.57202
19951, 31.1419, 4.48028
19951, 30.0994, 6.63962
19951, 31.4318, 5.3122
19951, 32.0486, 4.56873
19951, 31.0507, 6.07471
19951, 31.56, 6.52826
19951, 30.3439, 5.75681
19951, 31.8551, 4.62868
19951, 31.4772, 5.94046
19951, 30.1587, 4.94262
19951, 31.8001, 5.49547
19951, 31.5887, 4.69002
19951, 32.6108, 5.78311
19951, 31.8254, 5.19023
19951, 32.8266, 5.7668
19951, 33.0705, 4.87224
19951, 31.7529, 5.80886
19951, 30.9368, 5.84601
19951, 32.2057, 4.78259
19951, 29.4419, 5.85788
19951, 31.9565, 6.69852
19951, 32.4576, 4.50388
19951, 32.457, 5.61337
19951, 32.9222, 6.52905
19951, 30.6446, 6.30172
19951, 32.7716, 4.77983
19951, 30.3482, 5.45877
19951, 33.203, 5.89406
19951, 31.7379, 6.95719
19951, 31.2576, 5.32871
19951, 32.5213, 6.07586
19951, 32.0948, 5.27689
19951, 31.7194, 5.55442
19951, 30.5902, 5.44967
19951, 30.4541, 6.38151
19951, 30.8932, 6.09978
19951, 32.3546, 6.38644
19952, 31.6717, 4.73276
19952, 33.1543, 7.0812
19952, 30.9366, 5.04799
19952, 31.1166, 6.70824
19952, 32.1741, 4.86616
19952, 31.8162, 4.19035
19952, 31.727, 4.94832
19952, 32.0312, 6.08288
19952, 31.5698, 5.65033
19952, 33.3332, 5.6185
19952, 32.2189, 5.3512
19952, 30.1016, 5.52852
19952, 31.786, 6.73254
19952, 32.5869, 5.55101
19952, 31.8129, 7.84518
19952, 32.4013, 5.04701
19952, 30.8732, 4.83287
19952, 32.1258, 6.79923
19952, 31.8863, 6.36333
19952, 31.9527, 5.87992
19952, 32.7349, 6.03117
19952, 32.5835, 6.43495
19952, 31.978, 5.91422
19952, 30.4425, 4.5694
19952, 32.8362, 4.43667
19952, 31.1056, 5.70049
19952, 32.5525, 6.0118
19952, 32.4656, 5.29327
19952, 30.3821, 5.47892
19952, 31.8118, 7.3006
19952, 31.4017, 4.23933
19952, 31.8125, 4.94967
19952, 31.6119, 5.37017
19952, 31.8304, 4.54431
19952, 32.4659, 6.41258
19952, 30.7374, 6.00845
19952, 32.535, 6.10796
19952, 31.404, 5.05877
19952, 32.8749, 4.51992
19952, 31.926, 7.30478
19952, 33.3579, 5.73456
19952, 31.2107, 6.19553
19952, 31.6872, 5.84378
19952, 32.7095, 7.15406
19952, 31.4179, 4.61759
19952, 29.9464, 5.13277
19952, 32.3137, 5.91733
19952, 31.7962, 5.75404
19952, 32.014, 6.12081
19952, 30.6522, 6.39354
19952, 30.8592, 5.83689
19952, 32.9357, 3.74777
19952, 31.1829, 4.5888
19952, 31.2636, 6.49478
19952, 31.7585, 5.25135
19952, 30.4344, 6.59194
19952, 30.9941, 6.6359
19952, 32.523, 5.41113
19952, 32.3787, 5.4481
19952, 32.0488, 5.50042
19952, 32.0208, 5.70012
19952, 31.3479, 6.33424
19952, 31.5475, 6.26575
19952, 31.8482, 7.02535
19952, 30.7266, 6.86403
19952, 32.9178, 5.23932
19952, 32.9171, 5.14485
19952, 31.4108, 5.71267
19952, 31.3545, 6.19382
19952, 31.9873, 4.61539
19952, 33.0695, 5.7342
19952, 32.6087, 5.13712
19952, 30.1937, 4.66863
19952, 32.4856, 6.6004
19952, 32.1992, 5.2172
19952, 32.8671, 3.59427
19952, 31.1774, 6.28945
19952, 31.9932, 6.1242
19952, 33.3027, 5.69015
19952, 31.8867, 4.62841
19952, 31.9093, 6.83912
19952, 32.5363, 5.88579
19952, 32.2579, 6.45246
19952, 30.244, 6.707
19952, 31.7766, 6.30569
19952, 31.5072, 5.43905
19952, 32.7727, 5.94089
19952, 31.4349, 6.67024
19952, 29.2402, 5.56609
19952, 31.7497, 5.40325
19952, 32.0286, 5.10645
19952, 30.1463, 5.45818
19952, 32.5782, 6.19833
19952, 31.0883, 5.0685
19952, 32.0328, 4.52836
19952, 32.3462, 5.30797
19952, 31.7745, 6.04138
19952, 32.4333, 6.57138
19952, 31.1274, 5.78502
19952, 30.6497, 5.80867
19953, 31.848, 5.74214
19953, 33.2639, 5.34021
19953, 30.4099, 5.72719
19953, 31.0533, 5.96804
19953, 32.7388, 5.25529
19953, 30.8112, 5.71416
19953, 31.6655, 5.89102
19953, 33.0215, 4.8326
19953, 31.9728, 6.88115
19953, 32.34, 5.73746
19953, 31.289, 5.9245
19953, 32.0012, 6.74983
19953, 30.4378, 5.88288
19953, 30.6118, 6.08684
19953, 32.4283, 6.40325
19953, 32.3651, 5.7935
19953, 32.9768, 5.74992
19953, 29.5249, 6.60327
19953, 30.2454, 5.38248
19953, 31.3565, 5.88702
19953, 31.3299, 4.87617
19953, 31.6953, 6.2893
19953, 32.6408, 5.67186
19953, 31.6959, 4.7834
19953, 30.5957, 5.21682
19953, 30.7202, 6.12223
19953, 32.1372, 6.99436
19953, 33.1293, 4.30661
19953, 32.1369, 4.7664
19953, 32.0878, 5.06684
19953, 31.4903, 6.51905
19953, 31.3107, 3.44809
19953, 32.4676, 5.08361
19953, 32.7116, 5.01037
19953, 30.8584, 4.45319
19953, 30.9353, 7.58137
19953, 30.8532, 6.88745
19953, 34.875, 6.58465
19953, 30.2663, 5.63328
19953, 31.2329, 6.59766
19953, 31.5024, 5.85682
19953, 31.8254, 6.41959
19953, 32.1196, 6.22443
19953, 31.2653, 5.67072
19953, 32.0497, 5.40624
19953, 30.5625, 5.27609
19953, 31.3066, 6.71592
19953, 32.1751, 6.53565
19953, 31.9407, 5.13488
19953, 32.4251, 5.3943
19953, 32.1998, 4.94176
19953, 31.4716, 4.77445
19953, 33.136, 4.89989
19953, 31.6596, 7.18465
19953, 32.4209, 5.14129
19953, 31.7861, 6.53217
19953, 30.6265, 5.08612
19953, 31.0943, 5.259
19953, 30.7028, 4.43477
19953, 32.3152, 5.93244
19953, 31.3201, 4.81687
19953, 33.0307, 6.10766
19953, 30.4677, 7.04425
19953, 31.1887, 6.0518
19953, 31.3716, 5.01638
19953, 31.9241, 6.4208
19953, 31.9039, 4.98784
19953, 32.8923, 5.75598
19953, 31.3151, 5.21539
19953, 32.0302, 5.75106
19953, 31.9244, 5.51901
19953, 30.6505, 5.54048
19953, 31.9365, 5.12922
19953, 31.4855, 4.78606
19953, 33.1964, 5.51158
19953, 31.7907, 6.2381
19953, 31.5332, 3.88713
19953, 32.469, 6.80015
19953, 32.145, 5.60642
19953, 31.7998, 5.79724
19953, 32.5382, 6.45873
19953, 31.0282, 5.1437
19953, 31.4282, 5.3809
19953, 31.4342, 6.31048
19953, 32.2772, 5.96932
19953, 31.8314, 5.89375
19953, 31.4549, 6.18608
19953, 30.6108, 4.54198
19953, 31.1008, 5.43206
19953, 31.297, 7.04482
19953, 31.5253, 4.55669
19953, 32.3342, 6.19816
19953, 31.0366, 5.6733
19953, 31.3474, 5.8544
19953, 32.6115, 5.79483
19953, 33.0816, 5.55884
19953, 32.1913, 6.34073
19953, 31.989, 5.29414
19953, 31.7489, 5.15988
19953, 31.0394, 5.2332
19954, 31.7924, 4.11055
19954, 32.5575, 4.62301
19954, 32.3389, 5.69883
19954, 31.5352, 6.16677
19954, 31.397, 5.61564
19954, 31.8556, 5.45175
19954, 31.1252, 4.39673
19954, 32.0338, 5.78217
19954, 31.9499, 4.26663
19954, 31.587, 4.06004
19954, 33.4208, 5.58479
19954, 30.2711, 4.84149
19954, 31.9026, 6.87543
19954, 32.5845, 5.82344
19954, 31.6137, 6.00727
19954, 32.7291, 6.63124
19954, 31.5342, 5.6265
19954, 32.1952, 5.74828
19954, 31.4762, 5.54828
19954, 31.5062, 6.14503
19954, 31.0841, 4.86714
19954, 31.5294, 5.74951
19954, 32.8921, 5.03264
19954, 31.1249, 6.90658
19954, 32.7568, 5.54491
19954, 30.3352, 4.71882
19954, 32.5801, 6.38749
19954, 34.4038, 5.09078
19954, 31.5637, 6.26391
19954, 32.4193, 5.56323
19954, 32.148, 5.42089
19954, 32.271, 5.1599
19954, 32.5691, 5.68019
19954, 31.4523, 6.46425
19954, 32.8088, 6.50643
19954, 32.2957, 6.03941
19954, 34.248, 7.73589
19954, 32.7706, 5.05205
19954, 32.7327, 5.92342
19954, 31.7863, 6.7123
19954, 30.6736, 7.37659
19954, 32.5636, 5.18266
19954, 32.1716, 5.94326
19954, 31.5185, 5.44695
19954, 32.2084, 5.04679
19954, 33.1634, 6.49405
19954, 33.102, 5.36489
19954, 31.1184, 5.92236
19954, 31.3704, 6.82269
19954, 32.2849, 4.36335
19954, 31.3996, 5.45035
19954, 30.8579, 7.17089
19954, 31.7926, 6.56806
19954, 31.8704, 4.59631
19954, 31.7358, 5.61835
19954, 31.7873, 5.07605
19954, 32.3612, 4.95442
19954, 29.9577, 5.07116
19954, 32.7268, 5.60956
19954, 32.3625, 4.41132
19954, 30.6455, 6.31822
19954, 31.9348, 6.40139
19954, 31.5982, 5.00291
19954, 33.1599, 5.60516
19954, 31.1826, 5.32673
19954, 32.3378, 5.79729
19954, 33.157, 5.52766
19954, 31.3131, 5.70595
19954, 32.1864, 5.04721
19954, 31.4021, 5.64681
19954, 32.6538, 6.13801
19954, 31.8332, 5.27488
19954, 32.4812, 5.33685
19954, 31.1037, 6.22548
19954, 31.2492, 5.23955
19954, 30.8818, 7.41035
19954, 32.1523, 5.22552
19954, 33.0871, 5.22236
19954, 31.6541, 6.44873
19954, 32.8941, 4.40651
19954, 31.0268, 4.95255
19954, 32.2264, 5.41223
19954, 32.3559, 6.44433
19954, 31.2892, 6.70629
19954, 30.791, 4.53492
19954, 31.9775, 4.78526
19954, 31.207, 5.58017
19954, 31.4761, 5.45049
19954, 32.117, 4.94533
19954, 31.8934, 4.84894
19954, 32.4105, 5.30272
19954, 33.5513, 5.34858
19954, 30.9466, 4.38442
19954, 32.6363, 4.46068
19954, 32.9336, 6.12368
19954, 31.5328, 5.36657
19954, 31.489, 6.19925
19954, 30.4838, 5.61055
19954, 32.9088, 5.84216
19954, 30.4105, 5.79557
19955, 30.9532, 6.68564
19955, 30.3871, 6.12474
19955, 31.9635, 5.50496
19955, 33.3201, 5.335
19955, 31.2137, 5.13466
19955, 31.9483, 5.95215
19955, 33.4145, 5.06028
19955, 31.4334, 4.70859
19955, 31.0573, 5.87624
19955, 30.6292, 4.46947
19955, 31.6402, 4.87224
19955, 32.2609, 4.92553
19955, 31.0102, 5.92019
19955, 32.2974, 6.56416
19955, 32.0232, 4.47992
19955, 32.0606, 6.25623
19955, 31.0259, 5.29016
19955, 31.6832, 5.52971
19955, 31.2308, 6.35502
19955, 32.1648, 6.44274
19955, 31.7853, 6.62171
19955, 31.5583, 5.02597
19955, 31.3321, 5.4546
19955, 32.1505, 7.19986
19955, 33.1623, 6.42118
19955, 31.1636, 4.61652
19955, 33.2555, 6.30797
19955, 31.0008, 6.14036
19955, 30.7253, 4.79101
19955, 31.2356, 5.22199
19955, 32.2846, 5.30764
19955, 32.2486, 6.5627
19955, 31.7716, 5.37647
19955, 32.1475, 5.49204
19955, 31.6805, 4.85034
19955, 31.375, 6.77701
19955, 31.5259, 4.9841
19955, 29.4802, 5.46349
19955, 32.5525, 5.11858
19955, 32.5066, 5.7676
19955, 31.6935, 4.76953
19955, 31.5538, 6.70123
19955, 33.0201, 6.7004
19955, 31.423, 4.87848
19955, 32.0153, 5.50399
19955, 31.0382, 7.17509
19955, 32.6507, 6.41451
19955, 31.5615, 6.50552
19955, 31.3643, 3.47367
19955, 31.354, 6.08999
19955, 32.2524, 5.01303
19955, 30.5747, 5.19475
19955, 31.9106, 4.93338
19955, 33.5762, 3.87565
19955, 32.1096, 6.98212
19955, 31.1702, 4.21877
19955, 31.7218, 5.16386
19955, 29.8378, 6.96417
19955, 31.3748, 7.17269
19955, 31.8715, 5.34833
19955, 31.2978, 6.61256
19955, 32.2597, 5.71023
19955, 32.5265, 6.32933
19955, 30.5738, 4.57984
19955, 31.6659, 4.30743
19955, 31.5853, 5.7557
19955, 32.0074, 6.61171
19955, 29.5567, 5.06601
19955, 32.2187, 4.63096
19955, 32.5922, 5.05836
19955, 31.2095, 6.05178
19955, 31.2857, 4.93156
19955, 31.2753, 7.24259
19955, 30.8194, 6.37118
19955, 31.2972, 5.32011
19955, 31.871, 5.37653
19955, 31.6716, 4.52084
19955, 32.747, 7.09176
19955, 31.5377, 4.99796
19955, 31.1023, 5.72696
19955, 31.5335, 5.03097
19955, 31.9006, 5.09343
19955, 31.8093, 4.04739
19955, 31.5444, 6.85414
19955, 31.6452, 5.20887
19955, 32.6166, 5.48519
19955, 31.6465, 5.45631
19955, 32.2773, 4.28359
19955, 31.4721, 5.9367
19955, 33.2893, 5.82782
19955, 31.5815, 5.31993
19955, 32.7344, 6.43717
19955, 33.2307, 5.4386
19955, 31.4316, 7.19266
19955, 32.0619, 6.09865
19955, 32.2622, 4.58701
19955, 32.6473, 6.5457
19955, 32.2038, 5.52304
19955, 31.798, 4.08997
19955, 31.7128, 6.25696
19956, 31.4567, 6.1539
19956, 31.051, 6.60174
19956, 31.4809, 6.4696
19956, 31.2909, 5.75509
19956, 31.5943, 4.63847
19956, 30.9752, 5.6139
19956, 32.2777, 4.76186
19956, 32.5002, 6.56196
19956, 32.144, 7.06075
19956, 31.6299, 6.59712
19956, 30.2177, 5.07234
19956, 31.0109, 4.83081
19956, 31.5401, 4.59356
19956, 32.0907, 4.29472
19956, 33.2612, 3.67161
19956, 32.2532, 4.91672
19956, 31.6993, 5.80272
19956, 31.0451, 5.66804
19956, 30.8953, 6.04717
19956, 32.6238, 6.27193
19956, 31.3384, 6.62309
19956, 31.9037, 5.40728
19956, 34.0769, 7.42951
19956, 30.4673, 4.43843
19956, 30.7634, 4.80453
19956, 31.443, 5.62022
19956, 32.1632, 6.1161
19956, 31.5001, 5.89513
19956, 32.9, 5.27461
19956, 31.9103, 4.66315
19956, 30.7944, 5.91333
19956, 32.1646, 6.46802
19956, 31.248, 5.6165
19956, 32.3875, 5.1975
19956, 32.1591, 6.2836
19956, 30.3158, 6.25418
19956, 32.0392, 5.85653
19956, 32.4095, 5.86519
19956, 31.8907, 6.13194
19956, 31.9278, 5.68421
19956, 31.1284, 4.91765
19956, 31.318, 5.9555
19956, 32.6856, 5.27742
19956, 30.2274, 6.8625
19956, 31.1572, 5.40006
19956, 31.0248, 7.37645
19956, 30.9196, 6.03648
19956, 32.9972, 4.51412
19956, 32.3634, 6.39913
19956, 32.4853, 6.45356
19956, 31.128, 7.83294
19956, 32.3651, 5.66959
19956, 32.7233, 5.53752
19956, 31.8823, 6.80626
19956, 31.875, 5.11638
19956, 31.9817, 5.34108
19956, 31.9555, 4.45652
19956, 30.9807, 6.21801
19956, 30.4263, 5.43969
19956, 33.0091, 4.82246
19956, 30.7224, 4.35154
19956, 30.7505, 5.42552
19956, 32.5732, 6.65116
19956, 31.17, 5.72335
19956, 32.9268, 5.68376
19956, 32.6406, 6.9541
19956, 31.0949, 6.42889
19956, 31.6769, 5.18221
19956, 30.8721, 6.10625
19956, 30.9928, 6.13602
19956, 30.1914, 5.61343
19956, 32.0396, 6.12776
19956, 31.3915, 6.10799
19956, 30.2009, 4.97995
19956, 30.4044, 5.35103
19956, 32.026, 5.68869
19956, 32.4011, 4.61749
19956, 33.1376, 7.11621
19956, 31.8, 5.94889
19956, 32.3642, 4.71031
19956, 30.6386, 5.3141
19956, 31.3555, 4.35062
19956, 32.1381, 5.86252
19956, 32.7551, 3.77946
19956, 32.4065, 5.79718
19956, 31.0055, 4.71057
19956, 32.5333, 4.37839
19956, 32.2315, 6.35821
19956, 31.6237, 5.53149
19956, 32.6063, 4.78444
19956, 30.9783, 5.4479
19956, 30.701, 7.43029
19956, 31.0663, 6.42961
19956, 31.7002, 6.11939
19956, 31.7247, 7.10974
19956, 31.3697, 5.11805
19956, 31.1271, 4.67433
19956, 32.8155, 4.91255
19956, 30.985, 5.16476
19956, 32.4556, 3.86419
19957, 31.6337, 6.17186
19957, 32.237, 5.28506
19957, 32.2172, 7.28993
19957, 30.3334, 5.58458
19957, 32.2759, 5.41211
19957, 31.4725, 4.91793
19957, 30.9989, 6.91078
19957, 29.7142, 5.13274
19957, 31.9053, 5.15268
19957, 31.7226, 5.06763
19957, 31.8734, 5.60469
19957, 31.2411, 6.32428
19957, 31.3172, 5.3616
19957, 33.9872, 6.54289
19957, 30.58, 5.85843
19957, 31.5757, 6.35851
19957, 32.783, 5.28347
19957, 32.6665, 5.29013
19957, 30.9274, 5.55433
19957, 31.9997, 5.85221
19957, 31.3886, 5.54973
19957, 32.853, 3.48394
19957, 31.5301, 4.33616
19957, 33.4055, 3.3767
19957, 31.486, 6.18894
19957, 31.9526, 4.23078
19957, 30.8785, 5.45631
19957, 32.6634, 4.88251
19957, 32.4385, 5.47239
19957, 31.2976, 4.94547
19957, 33.4709, 5.21694
19957, 31.4145, 5.24724
19957, 31.7144, 5.70506
19957, 32.2123, 5.59001
19957, 32.1572, 5.11189
19957, 31.0188, 6.11629
19957, 31.4303, 4.81406
19957, 31.5513, 5.47082
19957, 30.9254, 6.00607
19957, 31.738, 4.23473
19957, 31.0986, 4.91079
19957, 31.9949, 6.19312
19957, 32.0026, 5.40906
19957, 31.9979, 5.3777
19957, 31.8782, 5.60903
19957, 32.7604, 6.45338
19957, 31.4836, 6.34405
19957, 32.1979, 5.75322
19957, 30.4755, 5.33693
19957, 32.88, 7.42973
19957, 31.707, 4.77628
19957, 32.3013, 6.00146
19957, 30.8061, 5.98998
19957, 32.4626, 5.50626
19957, 33.2501, 5.14972
19957, 31.4049, 5.59101
19957, 31.8151, 6.27329
19957, 31.4425, 5.88423
19957, 31.7077, 5.59066
19957, 31.2659, 6.52908
19957, 30.6127, 5.91124
19957, 31.719, 5.5904
19957, 29.8418, 6.68544
19957, 30.6535, 5.28076
19957, 31.8308, 5.12045
19957, 30.8716, 6.89615
19957, 31.4862, 6.00408
19957, 32.1669, 4.5624
19957, 30.553, 5.92781
19957, 31.3645, 5.86199
19957, 31.1687, 5.69178
19957, 32.0029, 5.50511
19957, 31.6133, 5.65362
19957, 31.8473, 5.88399
19957, 31.1765, 5.97629
19957, 31.3743, 6.29339
19957, 32.2392, 4.40002
19957, 30.4014, 6.18702
19957, 31.5, 6.54412
19957, 31.6531, 6.19695
19957, 31.7459, 6.10301
19957, 31.6114, 6.21224
19957, 31.3609, 5.50651
19957, 31.2582, 4.86373
19957, 32.7355, 4.19267
19957, 30.9848, 6.4676
19957, 31.913, 5.60942
19957, 32.0377, 5.77776
19957, 32.0973, 4.04189
19957, 29.9756, 5.85258
19957, 30.9654, 5.97321
19957, 31.1731, 4.79504
19957, 31.3103, 4.23697
19957, 32.0622, 5.51589
19957, 32.0429, 4.6327
19957, 33.073, 6.88539
19957, 31.9081, 7.39675
19957, 32.0486, 6.28908
19957, 31.5037, 4.91347
19957, 32.0094, 6.95855
19958, 32.7469, 5.45368
19958, 31.9392, 6.30991
19958, 30.4283, 5.95261
19958, 32.1358, 6.15539
19958, 30.0041, 5.01948
19958, 31.8806, 5.50614
19958, 31.8303, 5.42156
19958, 30.978, 5.22095
19958, 32.8256, 5.46641
19958, 31.1154, 5.23018
19958, 30.979, 5.39179
19958, 30.4141, 5.98436
19958, 32.016, 4.52074
19958, 31.1404, 5.42157
19958, 32.2961, 5.99873
19958, 31.3188, 5.88739
19958, 31.3632, 4.24916
19958, 31.0927, 4.72988
19958, 31.3329, 4.67753
19958, 31.0026, 5.73492
19958, 30.5001, 6.60886
19958, 30.1635, 6.05641
19958, 32.3996, 3.04011
19958, 30.8804, 6.08242
19958, 32.8797, 4.35696
19958, 30.3964, 4.57264
19958, 32.6237, 6.77681
19958, 30.789, 5.14831
19958, 31.6541, 6.39454
19958, 32.6934, 5.32249
19958, 32.8004, 5.29697
19958, 32.7361, 4.76298
19958, 30.4817, 6.09579
19958, 32.8037, 5.38147
19958, 30.781, 6.61826
19958, 31.306, 5.83544
19958, 31.6659, 6.84826
19958, 30.6599, 4.51622
19958, 33.2792, 4.93887
19958, 30.6357, 6.17806
19958, 30.9736, 6.58951
19958, 31.4349, 7.51612
19958, 31.7974, 5.69442
19958, 30.5793, 6.14729
19958, 31.4997, 6.76311
19958, 31.4938, 5.53916
19958, 32.538, 4.72711
19958, 31.9478, 6.47675
19958, 32.0978, 4.71478
19958, 31.4617, 5.7501
19958, 32.7325, 5.49752
19958, 32.3861, 4.54457
19958, 32.1036, 4.70708
19958, 31.0715, 4.54534
19958, 32.9215, 4.99874
19958, 32.263, 4.86727
19958, 32.4097, 4.6365
19958, 30.6007, 6.92117
19958, 31.7187, 6.59895
19958, 31.9533, 5.60143
19958, 33.0628, 5.0514
19958, 31.2539, 6.62251
19958, 32.6165, 5.46188
19958, 31.5857, 6.70594
19958, 32.802, 5.38489
19958, 31.8017, 6.01455
19958, 33.6229, 4.47398
19958, 31.5109, 6.36443
19958, 31.5733, 5.88486
19958, 30.9994, 5.98521
19958, 31.7205, 4.91959
19958, 31.9526, 5.15094
19958, 31.5821, 4.71436
19958, 31.869, 4.37412
19958, 32.4335, 4.69079
19958, 31.7316, 5.95384
19958, 32.7058, 6.90395
19958, 31.5266, 4.91453
19958, 30.2405, 5.94141
19958, 32.6736, 6.72897
19958, 32.8809, 5.50127
19958, 31.8711, 5.87219
19958, 30.7877, 5.44879
19958, 31.9809, 6.7289
19958, 29.95, 5.10495
19958, 32.9264, 4.60014
19958, 32.5389, 4.38012
19958, 30.9596, 5.41926
19958, 31.0745, 5.7002
19958, 31.4832, 6.47361
19958, 31.1391, 5.27458
19958, 32.5201, 4.61728
19958, 31.1042, 6.54444
19958, 32.748, 5.87707
19958, 31.9477, 5.25152
19958, 31.1411, 4.90117
19958, 31.5768, 3.95237
19958, 30.8324, 5.53951
19958, 32.5443, 5.10474
19958, 30.341, 4.87784
19959, 31.7556, 7.2907
19959, 31.8033, 5.71017
19959, 31.5236, 6.25319
19959, 30.6388, 5.63087
19959, 30.3321, 4.52803
19959, 31.9105, 7.02273
19959, 30.4803, 5.19085
19959, 31.7248, 4.92274
19959, 31.4954, 5.83117
19959, 32.1031, 5.3825
19959, 33.0219, 5.9578
19959, 30.9991, 5.41191
19959, 31.7045, 6.41214
19959, 31.4729, 5.7136
19959, 32.7365, 6.3487
19959, 30.965, 5.35699
19959, 30.3278, 5.34383
19959, 32.9358, 5.12253
19959, 32.0793, 4.66608
19959, 32.1135, 5.16526
19959, 31.497, 5.07951
19959, 33.617, 5.13316
19959, 33.2764, 4.29348
19959, 31.3997, 6.25241
19959, 31.8393, 6.73361
19959, 31.4707, 6.7075
19959, 30.3013, 6.23541
19959, 32.1481, 5.27789
19959, 31.9527, 5.57799
19959, 31.993, 5.93331
19959, 31.2711, 5.06989
19959, 33.0974, 4.75595
19959, 30.5316, 5.46812
19959, 32.2681, 5.05949
19959, 32.7867, 6.76841
19959, 31.1066, 5.97918
19959, 30.8732, 5.39017
19959, 32.2011, 6.48623
19959, 32.401, 5.73907
19959, 31.9416, 6.99921
19959, 30.8965, 5.90371
19959, 31.7418, 6.02435
19959, 32.2901, 6.33785
19959, 32.9076, 5.87374
19959, 31.7303, 5.466
19959, 30.4734, 5.25968
19959, 31.7925, 5.95529
19959, 31.3751, 5.23912
19959, 31.8459, 6.33461
19959, 31.8328, 3.3484
19959, 30.2039, 5.42388
19959, 32.7111, 4.31242
19959, 31.2596, 5.11656
19959, 32.147, 5.28165
19959, 31.2901, 6.29222
19959, 31.5284, 4.69186
19959, 30.6302, 4.54825
19959, 31.6043, 5.53201
19959, 29.9424, 6.32995
19959, 32.0443, 6.52728
19959, 31.4556, 4.37281
19959, 32.4542, 5.5952
19959, 31.2159, 6.00833
19959, 31.7443, 5.98426
19959, 32.9237, 4.50129
19959, 31.2612, 6.23302
19959, 30.9548, 5.99814
19959, 29.3568, 5.7668
19959, 30.4144, 5.93061
19959, 30.6866, 5.11788
19959, 30.8852, 6.23832
19959, 31.355, 6.33032
19959, 31.2979, 5.20432
19959, 32.223, 5.35978
19959, 30.7722, 4.60199
19959, 32.5658, 5.85415
19959, 31.0921, 6.67114
19959, 31.4053, 5.96461
19959, 32.061, 5.80684
19959, 32.8011, 6.6554
19959, 32.3399, 4.96859
19959, 31.9001, 5.52359
19959, 30.8094, 5.9744
19959, 32.5112, 5.96741
19959, 31.6364, 3.62954
19959, 31.7561, 5.93748
19959, 30.2733, 6.1345
19959, 31.1155, 3.88318
19959, 31.6168, 5.50574
19959, 30.4199, 5.2001
19959, 32.2904, 6.39195
19959, 31.9581, 5.69985
19959, 31.6693, 6.05406
19959, 31.2202, 5.82627
19959, 31.67, 7.03309
19959, 31.1183, 6.43998
19959, 31.8104, 5.01965
19959, 31.7436, 5.62775
19959, 30.5894, 6.90246
19959, 32.3351, 6.10046
19960, 32.4586, 6.35532
19960, 31.7627, 5.47571
19960, 32.4954, 5.32212
19960, 31.7136, 5.19672
19960, 32.09, 5.09913
19960, 32.1596, 5.30932
19960, 30.8338, 6.25612
19960, 30.7845, 5.92948
19960, 30.9416, 6.63585
19960, 31.0402, 6.30277
19960, 31.98, 6.28274
19960, 31.0431, 6.52189
19960, 31.6696, 5.71345
19960, 31.4268, 4.60396
19960, 30.9832, 5.749
19960, 30.9787, 5.91986
19960, 31.2738, 4.99721
19960, 31.9086, 5.38187
19960, 30.6046, 6.27534
19960, 31.0115, 6.00731
19960, 32.5699, 6.70725
19960, 31.324, 5.8065
19960, 31.6355, 6.00681
19960, 31.741, 6.04496
19960, 31.5952, 6.64211
19960, 31.9846, 5.19754
19960, 30.3877, 5.69571
19960, 31.7113, 5.20498
19960, 31.2567, 5.55972
19960, 30.5768, 5.28899
19960, 32.7949, 5.42429
19960, 31.4911, 6.01841
19960, 32.9028, 5.57688
19960, 31.6979, 6.46331
19960, 33.1518, 5.4895
19960, 30.5401, 5.79548
19960, 31.8813, 5.89099
19960, 29.6846, 5.11864
19960, 30.3629, 7.80206
19960, 32.083, 6.21811
19960, 32.0714, 5.32134
19960, 32.5043, 5.46832
19960, 31.8464, 6.26724
19960, 32.2629, 5.38237
19960, 32.0574, 5.80306
19960, 31.6631, 6.27676
19960, 31.8193, 3.71786
19960, 33.6641, 8.61422
19960, 32.2528, 4.17766
19960, 32.7201, 5.25002
19960, 33.0261, 5.72685
19960, 31.0827, 5.9745
19960, 32.4936, 4.95922
19960, 30.7848, 5.32113
19960, 33.1852, 5.86124
19960, 33.2391, 6.95687
19960, 31.3336, 5.63361
19960, 32.6513, 4.95761
19960, 32.7364, 5.92965
19960, 30.1441, 6.43436
19960, 31.9734, 5.1151
19960, 31.6523, 5.52602
19960, 32.7968, 6.20402
19960, 32.2075, 5.71039
19960, 30.6221, 5.00271
19960, 33.804, 4.86342
19960, 31.3417, 5.03116
19960, 32.6072, 5.46495
19960, 30.5882, 6.40922
19960, 31.1973, 6.08428
19960, 30.6457, 5.69347
19960, 32.2034, 5.88326
19960, 33.015, 5.23144
19960, 31.4997, 5.31346
19960, 31.871, 4.75288
19960, 30.6937, 6.28297
19960, 30.5801, 6.60877
19960, 30.8189, 5.23559
19960, 30.0158, 6.36537
19960, 31.357, 6.75625
19960, 30.8216, 6.0052
19960, 32.8398, 5.56842
19960, 30.1817, 5.20604
19960, 31.9029, 4.90741
19960, 31.3935, 5.55554
19960, 32.6024, 6.26176
19960, 30.6988, 6.50368
19960, 31.3961, 5.73684
19960, 31.5235, 5.54614
19960, 31.7273, 5.71889
19960, 32.2465, 5.10481
19960, 30.849, 4.78875
19960, 32.585, 5.69223
19960, 31.5118, 6.40831
19960, 33.0521, 6.26082
19960, 31.5775, 4.41802
19960, 31.9991, 3.51768
19960, 31.4388, 5.52617
19960, 31.3667, 5.9707
19960, 32.1215, 5.00302
19961, 31.824, 5.81485
19961, 32.0464, 5.63592
19961, 30.5826, 5.75925
19961, 31.2159, 6.28724
19961, 30.678, 4.15755
19961, 32.0468, 6.7382
19961, 30.9608, 6.71095
19961, 32.7103, 6.58345
19961, 32.0391, 5.07066
19961, 32.0775, 5.26144
19961, 30.2929, 5.77248
19961, 31.855, 5.38953
19961, 30.6541, 5.37042
19961, 29.5649, 6.59581
19961, 30.4167, 5.52589
19961, 30.7186, 6.2193
19961, 31.8133, 6.74146
19961, 32.2646, 5.39691
19961, 30.5245, 6.18429
19961, 33.0209, 5.10177
19961, 30.7289, 6.11282
19961, 32.8218, 5.65502
19961, 30.6035, 5.86982
19961, 32.1818, 5.57048
19961, 31.1612, 5.53982
19961, 31.9735, 3.95873
19961, 31.2582, 4.12025
19961, 32.9926, 5.45546
19961, 30.6699, 7.28434
19961, 32.1405, 4.81014
19961, 31.2673, 5.49923
19961, 32.0301, 6.43149
19961, 30.9005, 6.803
19961, 31.4402, 6.51535
19961, 31.4368, 6.2246
19961, 31.8762, 5.87629
19961, 31.9592, 4.58447
19961, 30.7921, 6.007
19961, 31.5443, 5.75753
19961, 32.26, 6.48421
19961, 31.2108, 5.52301
19961, 32.1449, 4.54028
19961, 31.6024, 6.07175
19961, 31.1847, 5.56357
19961, 32.069, 4.82482
19961, 31.3799, 5.84247
19961, 31.5833, 5.44037
19961, 32.4546, 6.32539
19961, 31.6726, 7.53751
19961, 31.3842, 5.5646
19961, 32.5261, 5.40367
19961, 32.9442, 5.80183
19961, 31.9959, 3.5697
19961, 31.1175, 4.23571
19961, 31.4539, 5.93012
19961, 32.7119, 5.33185
19961, 32.2162, 5.20685
19961, 31.635, 5.61957
19961, 30.6495, 4.11033
19961, 32.5085, 5.59364
19961, 31.8492, 5.24589
19961, 30.9846, 4.58791
19961, 32.2884, 5.25839
19961, 30.8716, 4.82151
19961, 32.0408, 5.34837
19961, 31.1863, 6.24924
19961, 31.2714, 5.5179
19961, 31.2369, 5.29562
19961, 33.0221, 5.58474
19961, 32.2095, 4.42539
19961, 31.5338, 4.92934
19961, 31.0625, 6.64267
19961, 32.0594, 6.12672
19961, 32.1083, 6.63726
19961, 31.9488, 4.16822
19961, 31.4997, 4.8858
19961, 31.0685, 5.64726
19961, 31.276, 5.93642
19961, 32.0623, 6.26501
19961, 31.3369, 5.55464
19961, 30.9034, 5.49656
19961, 29.8186, 6.19362
19961, 31.3974, 4.73537
19961, 31.2438, 5.47735
19961, 31.5813, 5.49744
19961, 32.0435, 5.2314
19961, 33.2641, 6.04555
19961, 30.3466, 5.05698
19961, 32.2458, 6.19038
19961, 30.7086, 7.63222
19961, 33.0896, 7.1708
19961, 31.733, 5.64787
19961, 31.6449, 4.51353
19961, 31.7539, 5.04123
19961, 31.9888, 5.24703
19961, 31.967, 5.80842
19961, 31.6892, 5.31204
19961, 31.3646, 6.67403
19961, 31.7735, 5.39574
19961, 30.861, 7.2969
19962, 32.0394, 5.06257
19962, 32.214, 5.42849
19962, 31.4958, 5.48532
19962, 31.676, 7.55917
19962, 31.8989, 4.70829
19962, 31.1921, 6.13767
19962, 31.3061, 5.50789
19962, 30.2982, 5.58261
19962, 31.397, 6.60921
19962, 31.2997, 5.5729
19962, 32.8018, 5.98251
19962, 32.5303, 6.24005
19962, 32.8302, 5.64508
19962, 31.8215, 6.81894
19962, 30.3995, 4.57446
19962, 30.7918, 5.93239
19962, 30.9566, 6.34338
19962, 31.5654, 4.50989
19962, 33.4615, 6.19767
19962, 31.6252, 5.82501
19962, 31.9588, 5.91851
19962, 31.7468, 6.25405
19962, 30.6714, 4.71565
19962, 31.3229, 6.51151
19962, 30.9388, 4.98536
19962, 30.4115, 5.66312
19962, 31.6393, 6.74486
19962, 32.9803, 5.76491
19962, 30.7129, 5.24378
19962, 31.7304, 4.5274
19962, 32.6944, 5.53568
19962, 32.3151, 5.01831
19962, 32.3279, 5.92539
19962, 32.2377, 4.85499
19962, 32.013, 6.13464
19962, 32.8715, 5.51029
19962, 31.9498, 5.64825
19962, 30.6573, 6.03223
19962, 31.4544, 5.13946
19962, 31.1975, 3.43542
19962, 30.1757, 4.6932
19962, 30.2291, 6.03459
19962, 31.4794, 5.3572
19962, 32.5612, 5.6593
19962, 30.9304, 6.15845
19962, 32.4114, 4.98448
19962, 31.3362, 5.50421
19962, 32.5302, 5.16738
19962, 31.0021, 6.79568
19962, 30.7914, 6.55703
19962, 32.5484, 5.63851
19962, 33.0371, 5.07635
19962, 32.0301, 5.89614
19962, 31.8466, 6.34569
19962, 30.54, 6.01024
19962, 30.649, 5.15078
19962, 32.6942, 5.57363
19962, 32.593, 6.08731
19962, 31.5438, 5.78461
19962, 32.511, 5.01608
19962, 31.8969, 6.20392
19962, 31.3036, 3.30935
19962, 33.1879, 4.78016
19962, 31.2321, 6.22202
19962, 32.2779, 5.90876
19962, 31.5556, 6.00336
19962, 31.5215, 4.52587
19962, 32.4906, 5.48888
19962, 30.2943, 6.24597
19962, 30.8322, 4.80977
19962, 30.8348, 5.82243
19962, 31.2217, 5.39501
19962, 32.0554, 4.83829
19962, 33.2177, 4.8963
19962, 31.5453, 5.13416
19962, 32.4588, 6.47385
19962, 31.2433, 4.86959
19962, 31.0948, 4.99504
19962, 32.5157, 4.8048
19962, 31.3335, 6.52457
19962, 31.3508, 6.28508
19962, 31.5222, 5.33464
19962, 31.7292, 5.34807
19962, 31.5522, 6.4242
19962, 31.8081, 6.49705
19962, 31.7898, 5.467
19962, 31.3934, 5.98556
19962, 32.0235, 7.20084
19962, 34.0783, 3.05102
19962, 30.6014, 5.12378
19962, 32.3992, 5.83707
19962, 31.9284, 5.85741
19962, 33.778, 6.27576
19962, 31.3326, 6.1953
19962, 31.4554, 4.57752
19962, 32.623, 5.77057
19962, 32.0862, 6.88266
19962, 31.09, 7.16988
19962, 31.7098, 5.28816
19962, 32.3838, 5.41996
19963, 30.6806, 5.41568
19963, 31.1273, 5.6613
19963, 31.2319, 4.60633
19963, 32.3118, 6.24522
19963, 32.8217, 4.54656
19963, 31.2182, 5.65642
19963, 31.5401, 4.89564
19963, 31.6611, 6.02933
19963, 32.4047, 3.26091
19963, 31.1823, 5.57271
19963, 32.7939, 5.37089
19963, 29.8617, 5.61628
19963, 32.171, 6.33412
19963, 33.4882, 5.46644
19963, 33.0873, 5.94571
19963, 31.8598, 4.88545
19963, 31.6776, 6.60401
19963, 31.6377, 6.25619
19963, 30.8016, 7.16075
19963, 32.7257, 5.77951
19963, 31.5142, 6.28355
19963, 32.6315, 3.24816
19963, 31.2629, 4.68309
19963, 31.933, 5.13023
19963, 31.8466, 6.01044
19963, 31.6747, 3.73046
19963, 31.9171, 4.75372
19963, 31.6483, 5.54371
19963, 31.8332, 5.05465
19963, 31.4587, 5.59057
19963, 30.3767, 6.49452
19963, 31.1033, 5.15068
19963, 31.8879, 5.86058
19963, 34.0499, 6.33635
19963, 30.7223, 6.2771
19963, 33.0041, 6.25898
19963, 32.3304, 4.84905
19963, 32.1373, 5.13901
19963, 31.7073, 6.15476
19963, 31.7656, 6.16742
19963, 31.8415, 5.74746
19963, 31.3585, 5.26866
19963, 32.3318, 5.41246
19963, 33.4845, 6.20743
19963, 33.0121, 6.04081
19963, 33.1292, 5.31553
19963, 31.5925, 5.55042
19963, 31.8534, 6.33742
19963, 31.62, 5.27321
19963, 31.5338, 6.17424
19963, 31.89, 6.68791
19963, 30.9287, 5.9671
19963, 30.5078, 6.01448
19963, 31.2262, 4.62334
19963, 32.4192, 6.55071
19963, 33.0844, 6.00639
19963, 31.8471, 6.92487
19963, 31.3025, 5.07466
19963, 30.4592, 6.15007
19963, 30.3728, 7.76418
19963, 32.8643, 6.29729
19963, 30.5892, 6.38075
19963, 31.8344, 3.9834
19963, 31.2317, 6.12848
19963, 32.2151, 4.7392
19963, 30.6196, 5.82284
19963, 32.6717, 5.61475
19963, 30.8084, 5.71698
19963, 32.9187, 5.74444
19963, 32.558, 4.85943
19963, 33.216, 4.39627
19963, 30.5243, 5.97817
19963, 31.6707, 4.50817
19963, 31.7579, 6.11753
19963, 32.545, 5.55712
19963, 31.0869, 3.8169
19963, 31.9994, 4.2642
19963, 31.8977, 6.38507
19963, 30.5507, 5.43207
19963, 31.7965, 5.38717
19963, 31.1417, 6.00738
19963, 31.915, 5.19291
19963, 31.9042, 5.45603
19963, 32.5378, 6.30165
19963, 31.2218, 5.11346
19963, 32.3269, 5.51611
19963, 31.9867, 5.29956
19963, 30.6126, 5.32304
19963, 31.7026, 4.65245
19963, 32.0696, 4.47524
19963, 30.8419, 4.8802
19963, 33.2303, 6.09183
19963, 32.2048, 5.86117
19963, 31.7506, 5.68907
19963, 32.9068, 6.19261
19963, 31.7392, 5.75939
19963, 30.8782, 6.6314
19963, 32.3572, 5.61913
19963, 31.9646, 6.07786
19963, 30.9724, 6.22963
19964, 30.4914, 5.7896
19964, 31.6768, 5.88619
19964, 31.644, 5.62102
19964, 31.1111, 4.66815
19964, 31.8746, 7.33309
19964, 30.4108, 5.86933
19964, 32.1524, 5.33606
19964, 31.4832, 6.02083
19964, 31.5943, 5.92919
19964, 31.389, 4.57686
19964, 32.8788, 6.24833
19964, 32.7639, 6.1259
19964, 30.6219, 6.06318
19964, 30.7531, 5.69959
19964, 31.0924, 5.96655
19964, 31.9096, 5.01772
19964, 31.6088, 5.96388
19964, 30.7608, 7.34536
19964, 31.6959, 5.7311
19964, 31.0083, 5.5276
19964, 32.185, 5.82427
19964, 31.2284, 5.30233
19964, 30.2778, 6.81357
19964, 31.4405, 6.23614
19964, 31.359, 5.86182
19964, 32.5397, 5.76882
19964, 33.0963, 5.26987
19964, 32.0768, 5.54383
19964, 30.8249, 6.67001
19964, 32.8097, 5.39305
19964, 32.8216, 5.38518
19964, 32.9391, 5.39207
19964, 30.9733, 5.0185
19964, 31.4248, 5.71947
19964, 29.8868, 6.36041
19964, 31.6999, 5.5825
19964, 30.8619, 6.04505
19964, 32.7869, 5.29501
19964, 30.8935, 5.7833
19964, 32.2439, 6.04189
19964, 32.1239, 4.21253
19964, 31.5439, 5.94031
19964, 32.0156, 5.43813
19964, 32.0014, 4.96745
19964, 31.659, 6.46682
19964, 30.3187, 5.38401
19964, 31.518, 6.53419
19964, 31.9164, 6.31811
19964, 29.8108, 5.43686
19964, 32.3948, 5.38856
19964, 29.9462, 6.11517
19964, 31.3516, 5.9692
19964, 33.4619, 4.50832
19964, 31.6733, 6.12872
19964, 32.4112, 5.65427
19964, 32.343, 5.38234
19964, 31.8459, 6.3812
19964, 31.3517, 6.5844
19964, 32.451, 6.27517
19964, 30.1526, 5.2911
19964, 29.5777, 4.73443
19964, 33.1916, 5.27671
19964, 32.1438, 3.67084
19964, 31.8031, 5.31817
19964, 31.6135, 6.50192
19964, 33.3377, 5.40359
19964, 30.663, 5.67244
19964, 32.064, 5.57098
19964, 30.1876, 5.46202
19964, 31.5434, 5.47139
19964, 32.6358, 6.01827
19964, 31.901, 3.50558
19964, 32.4561, 6.32448
19964, 33.3972, 4.60037
19964, 31.3079, 6.28355
19964, 33.0411, 5.6617
19964, 32.4131, 5.47653
19964, 33.4697, 4.21346
19964, 32.6693, 4.6402
19964, 31.8947, 6.52159
19964, 32.5328, 4.87026
19964, 32.3847, 4.5336
19964, 31.0352, 5.75017
19964, 32.0447, 6.27621
19964, 32.3713, 5.45706
19964, 31.3801, 4.66792
19964, 31.1391, 5.25085
19964, 32.77, 5.11602
19964, 32.3552, 5.34281
19964, 31.2566, 4.4661
19964, 32.5422, 7.23336
19964, 31.4968, 5.81228
19964, 32.1313, 5.21922
19964, 31.5957, 5.74064
19964, 32.394, 5.66692
19964, 31.4123, 6.53264
19964, 32.346, 4.84474
19964, 32.3864, 4.68449
19964, 33.163, 5.3599
19964, 31.9804, 5.74808
19965, 31.9142, 6.55009
19965, 31.6324, 4.66067
19965, 31.3002, 5.26503
19965, 31.596, 4.68645
19965, 31.51, 6.16853
19965, 30.6678, 5.85977
19965, 32.2977, 4.09249
19965, 31.4176, 4.30084
19965, 31.1433, 5.75682
19965, 32.004, 6.17488
19965, 33.2399, 4.68499
19965, 31.9006, 5.49655
19965, 30.8467, 5.08903
19965, 31.0125, 5.39968
19965, 31.1342, 5.29517
19965, 31.8545, 6.25166
19965, 30.5311, 4.98767
19965, 31.9, 5.71101
19965, 31.6556, 4.95577
19965, 31.2243, 5.19415
19965, 30.1336, 5.83046
19965, 31.3641, 5.64453
19965, 31.608, 5.87878
19965, 31.6553, 5.90761
19965, 30.6708, 5.56909
19965, 33.4071, 6.59794
19965, 29.9224, 5.28156
19965, 33.4213, 5.14661
19965, 31.0955, 6.19147
19965, 32.1777, 5.71926
19965, 31.3248, 6.04001
19965, 33.4493, 4.91668
19965, 31.8871, 4.90482
19965, 32.0377, 4.81539
19965, 32.6128, 5.73334
19965, 31.5135, 5.76735
19965, 31.7923, 5.0784
19965, 31.6087, 5.35812
19965, 31.5808, 5.11072
19965, 29.7517, 5.48583
19965, 32.4462, 4.75508
19965, 30.7269, 6.48738
19965, 32.0894, 4.82513
19965, 32.235, 6.08253
19965, 31.3085, 5.13295
19965, 31.3473, 6.18358
19965, 30.6938, 6.48513
19965, 31.4243, 5.63935
19965, 31.1452, 5.75537
19965, 32.3489, 6.06507
19965, 33.0499, 6.99576
19965, 32.7009, 5.47598
19965, 32.3112, 5.19573
19965, 31.4119, 4.03471
19965, 31.4724, 6.14939
19965, 30.6498, 4.31323
19965, 31.1788, 6.14096
19965, 31.9814, 5.80484
19965, 32.0159, 5.87789
19965, 31.7739, 6.57498
19965, 31.9845, 5.23941
19965, 31.666, 5.80895
19965, 31.3239, 5.1474
19965, 30.791, 6.27176
19965, 31.9795, 4.91001
19965, 33.3845, 6.0888
19965, 31.1217, 6.33582
19965, 31.6307, 3.88589
19965, 31.9165, 3.96044
19965, 32.4672, 5.06465
19965, 31.7943, 5.76348
19965, 30.9201, 4.72494
19965, 32.3142, 5.91563
19965, 31.4857, 5.70349
19965, 30.635, 5.81038
19965, 31.8109, 5.56354
19965, 31.3626, 5.9685
19965, 31.5019, 5.81378
19965, 33.1237, 6.22851
19965, 31.8794, 5.60463
19965, 31.6589, 4.46192
19965, 32.0977, 6.00774
19965, 32.6907, 5.5117
19965, 33.704, 5.31462
19965, 31.57, 5.71384
19965, 31.7447, 6.31416
19965, 31.2744, 6.59769
19965, 31.1296, 6.03831
19965, 31.9388, 4.71323
19965, 30.9089, 7.09761
19965, 32.5797, 5.11923
19965, 32.0463, 6.21071
19965, 32.7842, 6.97508
19965, 31.8666, 5.50246
19965, 32.8315, 4.47116
19965, 30.9468, 5.319
19965, 32.4434, 6.19746
19965, 32.9105, 4.51277
19965, 30.6694, 5.83166
19965, 32.2163, 6.03047
19966, 30.4983, 7.39785
19966, 33.1575, 5.9974
19966, 31.6418, 4.99692
19966, 30.5856, 5.64082
19966, 33.1815, 4.74483
19966, 32.5056, 5.81676
19966, 31.7806, 5.24599
19966, 31.7178, 5.5123
19966, 32.7129, 5.38665
19966, 31.3038, 6.13561
19966, 31.6029, 6.31572
19966, 31.0497, 6.21622
19966, 30.4814, 4.53468
19966, 30.9924, 6.02556
19966, 31.1043, 5.5196
19966, 31.727, 6.34821
19966, 32.752, 5.39323
19966, 32.928, 6.68982
19966, 31.941, 6.21329
19966, 31.5016, 6.09974
19966, 31.2171, 5.83299
19966, 32.6946, 6.00226
19966, 32.7036, 5.88924
19966, 31.7565, 5.31057
19966, 32.4922, 4.82257
19966, 33.2891, 6.2611
19966, 31.6684, 6.18221
19966, 30.8706, 5.03903
19966, 31.179, 6.20858
19966, 31.0074, 6.2443
19966, 31.7297, 4.93076
19966, 32.1742, 3.35389
19966, 32.788, 4.34854
19966, 31.2353, 6.07465
19966, 30.3836, 6.96652
19966, 32.3721, 6.20322
19966, 32.2184, 6.06777
19966, 31.3524, 6.00267
19966, 31.5056, 5.62826
19966, 32.457, 6.31865
19966, 31.1432, 6.55527
19966, 31.8686, 5.01193
19966, 31.7344, 7.04936
19966, 31.8136, 5.28889
19966, 30.7628, 5.79361
19966, 33.5005, 5.57561
19966, 31.6667, 5.70982
19966, 30.1049, 5.96553
19966, 30.2102, 6.40466
19966, 30.5068, 5.13064
19966, 32.726, 6.38548
19966, 32.6899, 6.1654
19966, 31.1777, 5.23625
19966, 32.8348, 4.48535
19966, 32.6029, 4.00636
19966, 31.6272, 6.55748
19966, 30.8539, 5.90537
19966, 32.5116, 6.21724
19966, 31.1292, 6.93232
19966, 32.2201, 4.5509
19966, 31.0569, 6.05821
19966, 32.3544, 5.02931
19966, 32.1402, 6.04705
19966, 31.5791, 5.88265
19966, 32.674, 4.56915
19966, 31.1309, 5.50343
19966, 32.8743, 4.6118
19966, 33.3209, 6.76324
19966, 31.3611, 5.98046
19966, 31.5984, 5.59677
19966, 31.4017, 4.8073
19966, 31.578, 6.17297
19966, 31.6851, 5.9517
19966, 30.6028, 5.67974
19966, 32.1288, 2.99824
19966, 31.9417, 6.31859
19966, 31.08, 6.63194
19966, 31.6767, 5.14835
19966, 30.4598, 4.45921
19966, 30.9043, 5.36902
19966, 32.0112, 5.91435
19966, 32.1511, 6.34559
19966, 32.1447, 5.10195
19966, 31.885, 5.63741
19966, 31.1091, 5.37694
19966, 30.9062, 5.26495
19966, 31.6776, 5.97513
19966, 32.3487, 5.71797
19966, 31.7953, 5.84657
19966, 31.7494, 5.79464
19966, 31.6347, 5.66376
19966, 31.7544, 6.15303
19966, 32.3122, 5.12683
19966, 32.4924, 5.17173
19966, 31.8114, 5.52715
19966, 31.1714, 4.7271
19966, 32.3644, 5.64285
19966, 31.6926, 4.70099
19966, 30.8109, 5.35473
19966, 30.8296, 6.3338
19967, 31.859, 5.59953
19967, 31.304, 5.26299
19967, 30.5523, 6.03295
19967, 32.0954, 5.76568
19967, 31.9394, 4.50857
19967, 31.2578, 5.09438
19967, 30.2611, 5.99083
19967, 32.0573, 5.41328
19967, 31.7689, 5.3116
19967, 33.0492, 5.39152
19967, 31.8021, 5.91056
19967, 31.4074, 5.75726
19967, 32.3989, 6.75177
19967, 32.0141, 6.2208
19967, 33.2311, 4.49171
19967, 32.6677, 5.9617
19967, 30.6707, 5.8562
19967, 31.5254, 5.88675
19967, 32.686, 5.4634
19967, 30.9574, 6.40783
19967, 31.3569, 6.55612
19967, 33.5243, 6.24457
19967, 31.5491, 5.99824
19967, 30.9816, 5.52759
19967, 31.9795, 6.28784
19967, 30.9846, 5.72826
19967, 31.9275, 5.04121
19967, 32.9384, 5.6108
19967, 32.3513, 5.03239
19967, 32.183, 6.26978
19967, 32.1447, 5.1731
19967, 31.6142, 5.95471
19967, 31.9595, 5.1622
19967, 30.7151, 5.28555
19967, 30.1185, 7.45977
19967, 30.7122, 4.94335
19967, 32.7381, 6.06241
19967, 31.4172, 6.18216
19967, 31.0198, 5.27769
19967, 31.6695, 5.27941
19967, 31.865, 4.60378
19967, 32.2579, 5.71108
19967, 31.5187, 5.67293
19967, 31.992, 5.68796
19967, 31.4673, 4.91544
19967, 32.327, 6.75998
19967, 32.135, 6.2526
19967, 32.8612, 5.33038
19967, 32.1348, 6.51558
19967, 31.2828, 4.1178
19967, 33.1675, 4.60212
19967, 31.1255, 5.1508
19967, 31.2278, 6.1099
19967, 31.5238, 4.55251
19967, 30.8483, 6.03953
19967, 32.4769, 5.58221
19967, 32.2086, 4.98764
19967, 31.9716, 6.74341
19967, 32.6348, 5.78205
19967, 31.016, 6.80182
19967, 31.9784, 5.11125
19967, 32.5571, 5.36806
19967, 31.3865, 4.69323
19967, 30.56, 4.72639
19967, 32.2243, 5.85783
19967, 31.9837, 6.15807
19967, 31.5571, 4.78559
19967, 32.4582, 5.34886
19967, 32.1932, 5.14442
19967, 32.1217, 6.94965
19967, 31.5075, 6.30674
19967, 32.5903, 6.07188
19967, 30.8336, 4.78114
19967, 30.7827, 5.44946
19967, 32.8754, 5.11776
19967, 31.7311, 5.70314
19967, 31.3848, 5.98826
19967, 31.763, 4.51169
19967, 32.5267, 4.78332
19967, 33.1601, 5.09933
19967, 30.6727, 6.63927
19967, 32.6284, 5.59574
19967, 31.0968, 6.5887
19967, 31.6812, 4.256
19967, 32.5989, 5.38348
19967, 31.268, 5.91131
19967, 32.7008, 4.98436
19967, 33.1233, 5.47852
19967, 31.4183, 7.0428
19967, 30.8324, 5.58885
19967, 31.218, 6.51704
19967, 32.614, 6.98973
19967, 31.1102, 7.25155
19967, 31.9066, 6.2082
19967, 30.7755, 5.91833
19967, 31.2302, 4.33569
19967, 31.6999, 5.30544
19967, 31.8795, 5.07767
19967, 31.1156, 5.85401
19967, 32.4638, 4.45923
19968, 31.6726, 5.36094
19968, 31.9963, 6.69083
19968, 32.3469, 5.86379
19968, 31.7545, 3.99947
19968, 31.6815, 5.13925
19968, 31.0475, 5.31622
19968, 32.8605, 6.83064
19968, 32.4828, 4.41077
19968, 32.5065, 6.12128
19968, 30.4721, 5.21782
19968, 31.8517, 6.02695
19968, 32.7415, 4.5636
19968, 31.6515, 6.59111
19968, 31.9411, 5.93342
19968, 32.3415, 5.41595
19968, 32.075, 4.54501
19968, 30.4226, 4.3084
19968, 31.4169, 6.65687
19968, 32.3697, 6.39788
19968, 30.3478, 5.74745
19968, 31.7848, 6.87553
19968, 32.2281, 4.77715
19968, 32.9971, 5.73607
19968, 30.9241, 5.38599
19968, 31.2865, 5.10934
19968, 32.3099, 5.51615
19968, 32.0268, 4.93565
19968, 31.7858, 5.33378
19968, 30.6798, 5.80423
19968, 32.4866, 6.76115
19968, 31.7429, 4.6737
19968, 31.4528, 6.1545
19968, 31.5647, 5.581
19968, 31.2331, 6.62951
19968, 31.926, 6.32202
19968, 32.9464, 5.66442
19968, 31.8648, 5.43475
19968, 31.9579, 7.17448
19968, 32.4912, 6.23022
19968, 32.4186, 5.2425
19968, 30.9607, 5.1058
19968, 32.1581, 6.24631
19968, 31.2261, 5.49967
19968, 31.1839, 4.66163
19968, 31.2583, 5.62652
19968, 31.2544, 5.09072
19968, 32.3294, 5.18569
19968, 31.119, 6.84173
19968, 31.6051, 6.04169
19968, 32.2303, 6.51555
19968, 32.5716, 5.7155
19968, 29.4342, 5.9543
19968, 31.8272, 6.27122
19968, 30.8988, 6.96926
19968, 32.3121, 6.45401
19968, 31.5907, 4.23852
19968, 32.0259, 7.62764
19968, 31.5381, 5.65413
19968, 32.073, 5.90708
19968, 33.1172, 5.41937
19968, 32.2839, 6.17488
19968, 31.7408, 5.72208
19968, 31.3005, 6.06644
19968, 32.661, 7.33419
19968, 29.8249, 6.04289
19968, 32.9575, 4.61437
19968, 31.1425, 4.57041
19968, 31.7366, 4.94547
19968, 33.9148, 3.79455
19968, 32.3632, 7.06141
19968, 32.067, 4.46176
19968, 31.2913, 6.24253
19968, 31.0962, 5.98782
19968, 31.8296, 6.61493
19968, 30.9137, 5.56035
19968, 31.4946, 5.48059
19968, 31.2089, 4.84288
19968, 30.8171, 6.19636
19968, 30.9012, 6.59888
19968, 31.8745, 6.02532
19968, 31.1361, 5.11777
19968, 32.3524, 6.64764
19968, 32.5124, 5.12743
19968, 31.6207, 6.23208
19968, 32.7722, 5.88197
19968, 32.3262, 5.49126
19968, 32.2134, 5.75761
19968, 31.673, 6.51384
19968, 31.5525, 5.71613
19968, 31.7479, 4.97033
19968, 30.5739, 4.77162
19968, 32.1062, 5.10627
19968, 32.1047, 6.04663
19968, 32.0848, 6.24341
19968, 31.8358, 7.0643
19968, 31.0865, 7.24821
19968, 30.9773, 5.0633
19968, 31.5957, 5.1258
19968, 31.3401, 4.6788
19968, 31.1964, 4.38
19969, 31.5524, 5.61495
19969, 32.2604, 5.8024
19969, 32.7007, 4.77835
19969, 32.8553, 4.96114
19969, 29.7794, 6.64249
19969, 29.8675, 5.93058
19969, 31.2111, 6.05366
19969, 31.789, 4.80549
19969, 32.0135, 6.33847
19969, 32.8289, 5.47949
19969, 32.1598, 4.84934
19969, 32.9313, 5.44973
19969, 31.4508, 5.48534
19969, 31.5522, 5.39433
19969, 31.2254, 6.03995
19969, 31.3389, 6.17156
19969, 30.4036, 5.7982
19969, 32.845, 6.77613
19969, 31.5638, 5.34012
19969, 32.5695, 5.70714
19969, 32.606, 5.09192
19969, 31.1537, 3.73784
19969, 29.6894, 4.41605
19969, 32.5011, 6.17011
19969, 32.3298, 5.146
19969, 31.2656, 4.38441
19969, 30.0086, 7.28668
19969, 31.6923, 6.08356
19969, 31.639, 5.41691
19969, 30.9134, 5.47045
19969, 31.2811, 5.22054
19969, 31.8067, 4.74273
19969, 32.765, 5.64615
19969, 32.087, 6.41771
19969, 31.5347, 6.54262
19969, 32.2101, 5.61148
19969, 32.1545, 6.53172
19969, 32.2607, 5.07375
19969, 31.4434, 5.83107
19969, 32.3172, 6.10486
19969, 31.7715, 5.51927
19969, 31.561, 5.839
19969, 31.754, 5.81549
19969, 31.5459, 5.4139
19969, 32.7613, 4.68866
19969, 31.0651, 5.96199
19969, 30.353, 5.36998
19969, 30.9675, 6.29704
19969, 31.644, 5.4286
19969, 31.6362, 5.06313
19969, 29.8449, 5.92392
19969, 32.4463, 6.08603
19969, 31.5255, 6.09987
19969, 31.2432, 6.49631
19969, 31.8345, 5.15956
19969, 32.4077, 6.00109
19969, 31.6204, 5.71591
19969, 30.5239, 4.94565
19969, 31.2429, 4.93043
19969, 31.3595, 3.79135
19969, 31.0517, 5.78015
19969, 32.4094, 5.01989
19969, 31.6254, 5.26011
19969, 32.5951, 7.03224
19969, 30.6655, 6.32162
19969, 31.1767, 4.01518
19969, 31.652, 5.32611
19969, 31.5249, 5.26034
19969, 32.4617, 5.82711
19969, 32.0869, 4.62017
19969, 32.3439, 4.9259
19969, 32.4947, 5.60008
19969, 30.5499, 5.40032
19969, 30.1571, 6.33037
19969, 31.6253, 6.50621
19969, 33.2858, 5.25276
19969, 31.9932, 5.57715
19969, 31.2446, 5.343
19969, 31.8461, 5.79024
19969, 32.3722, 5.9619
19969, 32.6822, 5.67584
19969, 31.7619, 6.10311
19969, 30.9023, 5.14334
19969, 31.2654, 6.09152
19969, 30.821, 6.29082
19969, 31.1553, 4.64334
19969, 30.8971, 6.39044
19969, 31.6429, 5.92822
19969, 31.5644, 5.09075
19969, 31.3403, 5.16879
19969, 31.8308, 5.72797
19969, 28.6832, 6.34884
19969, 32.7152, 5.79317
19969, 30.698, 5.47131
19969, 32.1041, 5.9374
19969, 31.0999, 6.84188
19969, 32.4153, 5.34014
19969, 33.115, 5.99127
19969, 32.2562, 6.24754
19969, 30.6529, 5.70564
19970, 31.646, 6.07811
19970, 32.5459, 5.8838
19970, 30.4747, 6.1005
19970, 31.6514, 5.68752
19970, 31.8818, 4.14386
19970, 30.844, 6.06261
19970, 32.0787, 5.97355
19970, 32.7699, 5.46235
19970, 32.4944, 6.81816
19970, 31.6742, 6.15348
19970, 31.9334, 5.90404
19970, 30.1222, 6.33806
19970, 31.2141, 5.2778
19970, 31.4398, 5.58022
19970, 32.3775, 5.26883
19970, 31.2402, 4.50009
19970, 32.3356, 5.9814
19970, 32.4595, 5.43922
19970, 31.4326, 6.57197
19970, 31.1855, 4.82351
19970, 32.8723, 5.4685
19970, 29.8523, 5.78133
19970, 31.9838, 5.4466
19970, 31.0801, 5.98669
19970, 31.4038, 5.07309
19970, 32.0409, 4.98732
19970, 31.0845, 5.59504
19970, 32.1252, 4.68603
19970, 31.269, 6.18735
19970, 33.0324, 6.47785
19970, 32.2674, 6.29646
19970, 31.7173, 5.18666
19970, 32.4418, 6.10318
19970, 30.1879, 7.56005
19970, 31.1995, 7.33633
19970, 32.0408, 5.8437
19970, 32.2433, 6.27407
19970, 32.1298, 4.46909
19970, 31.3383, 6.73074
19970, 31.4037, 6.41213
19970, 31.1101, 7.10317
19970, 31.7347, 6.89287
19970, 30.6643, 5.75805
19970, 32.1828, 4.68887
19970, 32.2409, 5.83746
19970, 31.3001, 6.18022
19970, 31.4648, 6.90918
19970, 32.0069, 6.06647
19970, 31.016, 4.90661
19970, 32.4703, 6.94144
19970, 32.1807, 4.05198
19970, 32.3427, 5.32083
19970, 31.8915, 5.79091
19970, 31.9137, 6.01723
19970, 31.0107, 5.37413
19970, 31.2572, 6.88699
19970, 31.6077, 4.58069
19970, 30.8468, 6.0692
19970, 30.8295, 4.91111
19970, 30.7219, 6.08924
19970, 31.114, 6.33555
19970, 31.9343, 6.07657
19970, 31.2478, 5.40251
19970, 32.3478, 6.08813
19970, 32.1711, 4.57374
19970, 32.6909, 7.33574
19970, 32.2671, 5.74946
19970, 31.131, 4.84644
19970, 31.6034, 5.94609
19970, 31.6075, 5.73655
19970, 31.5017, 5.58047
19970, 32.0998, 4.68465
19970, 31.2798, 4.72836
19970, 32.6352, 5.35157
19970, 32.6197, 6.61385
19970, 31.9186, 6.28496
19970, 31.5934, 7.48225
19970, 31.8825, 5.39666
19970, 30.9936, 5.24815
19970, 32.7654, 5.42645
19970, 32.2775, 6.8064
19970, 31.9934, 4.79268
19970, 31.9172, 5.45371
19970, 32.761, 4.95899
19970, 32.4751, 5.03088
19970, 33.5053, 6.56032
19970, 31.5542, 5.51877
19970, 32.1027, 6.93309
19970, 32.0834, 5.31831
19970, 33.0155, 4.93863
19970, 32.6002, 6.16245
19970, 32.2272, 5.60841
19970, 32.5478, 6.07799
19970, 32.5766, 6.68203
19970, 31.2097, 5.57551
19970, 31.8745, 5.26323
19970, 31.4484, 7.0964
19970, 30.6499, 6.84799
19970, 33.3962, 5.60175
19970, 32.3557, 5.93999
19971, 31.7838, 7.92489
19971, 31.5344, 4.74407
19971, 31.202, 3.63994
19971, 31.7359, 5.12055
19971, 30.9421, 5.30681
19971, 30.5406, 4.73289
19971, 32.2432, 4.87527
19971, 30.9712, 5.49481
19971, 33.5829, 4.61836
19971, 32.226, 4.38455
19971, 32.2983, 7.24247
19971, 32.2764, 6.13356
19971, 31.7638, 5.83336
19971, 32.4505, 5.27282
19971, 31.975, 6.98958
19971, 30.7375, 5.61649
19971, 33.1461, 5.25992
19971, 30.7137, 6.10968
19971, 30.55, 4.53923
19971, 31.612, 4.80497
19971, 31.3554, 5.29045
19971, 32.3389, 7.14973
19971, 31.8584, 5.93532
19971, 31.0893, 6.29166
19971, 30.2047, 4.72627
19971, 31.767, 6.538
19971, 31.7393, 5.231
19971, 31.8533, 5.5311
19971, 31.4135, 5.17336
19971, 32.109, 3.45386
19971, 31.5539, 6.29606
19971, 30.8529, 8.37546
19971, 31.0294, 5.30293
19971, 31.229, 6.12014
19971, 32.1432, 6.87778
19971, 31.5599, 6.87447
19971, 32.1383, 6.31584
19971, 31.3917, 6.00487
19971, 31.5402, 5.96255
19971, 32.359, 4.85278
19971, 30.9534, 5.4107
19971, 32.4533, 6.84157
19971, 33.0427, 5.00408
19971, 31.7997, 6.45714
19971, 32.1539, 5.62798
19971, 32.2578, 5.10221
19971, 31.5371, 7.06969
19971, 32.4312, 4.73153
19971, 30.8455, 6.56049
19971, 33.0163, 5.89381
19971, 30.7768, 6.56534
19971, 32.3173, 4.54118
19971, 31.6014, 6.19424
19971, 31.3139, 6.49096
19971, 31.0512, 5.88187
19971, 31.6795, 4.83073
19971, 31.6883, 4.55516
19971, 33.7366, 5.14025
19971, 31.8268, 5.37795
19971, 32.7409, 4.33263
19971, 30.6657, 5.94094
19971, 31.1507, 5.15703
19971, 32.1853, 5.5578
19971, 32.5815, 7.0439
19971, 32.963, 3.95232
19971, 31.4087, 5.59113
19971, 32.1831, 4.1374
19971, 31.9882, 6.01484
19971, 30.3452, 5.52092
19971, 31.4142, 6.13736
19971, 30.2357, 4.88685
19971, 31.1878, 6.60702
19971, 31.7334, 4.73603
19971, 33.2148, 5.96723
19971, 30.813, 4.51129
19971, 31.6488, 5.41147
19971, 32.312, 5.07251
19971, 32.0414, 6.12623
19971, 30.5682, 6.30564
19971, 31.3945, 5.08428
19971, 31.0078, 3.67265
19971, 33.1546, 4.7028
19971, 31.8219, 5.50494
19971, 31.5441, 5.79567
19971, 32.3639, 6.34434
19971, 30.1277, 6.14011
19971, 30.4971, 4.67899
19971, 30.9894, 5.71176
19971, 31.4566, 5.98487
19971, 30.9246, 5.11227
19971, 31.4488, 6.37403
19971, 30.8908, 5.82644
19971, 32.4505, 6.38028
19971, 30.8643, 6.48524
19971, 32.1361, 4.90407
19971, 31.8238, 5.35394
19971, 31.3336, 5.58221
19971, 30.9137, 5.60957
19971, 32.4204, 6.20784
19971, 31.8389, 6.19188
19972, 31.6808, 6.77738
19972, 31.9228, 6.85502
19972, 31.0115, 6.32607
19972, 31.9918, 4.74461
19972, 32.4717, 5.05813
19972, 32.3833, 6.14303
19972, 31.6403, 5.53177
19972, 31.7855, 4.14899
19972, 30.0344, 6.58011
19972, 30.0484, 5.67498
19972, 29.6727, 5.7849
19972, 31.0135, 5.96477
19972, 31.6271, 4.67843
19972, 32.8546, 4.80228
19972, 32.8276, 5.43304
19972, 31.889, 6.14521
19972, 30.8167, 5.00967
19972, 30.8489, 5.1535
19972, 34.1283, 5.6798
19972, 33.0799, 5.88289
19972, 31.5229, 7.30618
19972, 33.7692, 5.78064
19972, 30.776, 4.48464
19972, 31.6811, 6.4819
19972, 32.3622, 5.8619
19972, 31.988, 5.48429
19972, 30.9326, 5.50207
19972, 31.6773, 5.30884
19972, 30.8836, 5.73696
19972, 31.2041, 4.57824
19972, 31.4878, 5.81373
19972, 30.6262, 4.62802
19972, 32.0873, 6.36105
19972, 32.3839, 6.56466
19972, 31.6866, 7.48734
19972, 31.5464, 5.45694
19972, 31.4666, 5.85884
19972, 31.105, 5.72
19972, 32.0257, 5.42405
19972, 30.2328, 7.50347
19972, 30.258, 5.46446
19972, 31.5855, 6.85369
19972, 30.9395, 4.09784
19972, 30.8679, 5.85144
19972, 31.4327, 6.49662
19972, 31.7729, 5.76167
19972, 31.5384, 6.05696
19972, 31.1509, 5.44925
19972, 31.09, 5.24565
19972, 31.5752, 6.30479
19972, 31.1696, 4.80825
19972, 31.0046, 6.9907
19972, 32.9808, 5.3288
19972, 31.742, 4.87138
19972, 31.3526, 5.71752
19972, 32.0457, 5.46194
19972, 31.1397, 6.68462
19972, 33.2314, 5.60375
19972, 30.8135, 5.96929
19972, 31.4645, 5.87053
19972, 29.7115, 5.71784
19972, 30.5221, 5.7699
19972, 32.9603, 4.87604
19972, 32.6161, 7.14345
19972, 30.7466, 5.75062
19972, 31.5691, 6.23135
19972, 31.7247, 6.22266
19972, 32.7646, 5.27262
19972, 31.4931, 5.33787
19972, 30.625, 5.04554
19972, 33.039, 5.20503
19972, 32.1757, 6.91687
19972, 31.1991, 5.795
19972, 31.027, 5.43537
19972, 32.1302, 5.94579
19972, 31.2882, 5.16165
19972, 32.1797, 7.17672
19972, 33.0912, 5.98767
19972, 31.943, 6.20591
19972, 31.9227, 7.36214
19972, 31.4046, 5.90155
19972, 31.1341, 4.80469
19972, 32.2122, 5.00269
19972, 32.5893, 5.15855
19972, 31.3216, 7.19776
19972, 31.8962, 5.1182
19972, 32.6536, 4.8243
19972, 32.4727, 6.57583
19972, 31.5549, 5.12775
19972, 32.9155, 4.77404
19972, 32.4953, 5.97194
19972, 32.4612, 4.77064
19972, 33.6849, 4.45005
19972, 33.6183, 4.4183
19972, 32.3066, 6.28532
19972, 30.8798, 6.13302
19972, 32.3518, 6.11995
19972, 31.1416, 5.21764
19972, 30.8111, 5.50073
19972, 31.7261, 5.12037
19973, 31.5273, 5.03773
19973, 32.2752, 4.94496
19973, 32.4631, 6.10475
19973, 32.0794, 7.67621
19973, 32.4638, 6.09431
19973, 31.4663, 6.29059
19973, 31.5657, 5.14912
19973, 30.3088, 4.79339
19973, 33.0748, 5.60984
19973, 32.1838, 5.12435
19973, 31.6445, 5.64416
19973, 30.8447, 5.96496
19973, 32.3928, 7.08226
19973, 32.3864, 7.30327
19973, 31.511, 5.79496
19973, 31.0425, 5.81855
19973, 31.4147, 7.37036
19973, 30.9736, 7.31486
19973, 32.1016, 4.14887
19973, 31.4076, 5.05483
19973, 30.5521, 5.3159
19973, 31.2352, 4.75714
19973, 32.5654, 5.14408
19973, 31.6844, 5.78551
19973, 32.3065, 4.20516
19973, 32.1903, 6.42645
19973, 31.6341, 4.71802
19973, 31.4574, 5.2495
19973, 32.2158, 7.21591
19973, 32.0957, 4.74054
19973, 32.6356, 5.37454
19973, 32.2949, 6.41549
19973, 32.2494, 4.80511
19973, 31.9736, 5.1501
19973, 31.831, 5.75088
19973, 31.0698, 5.17166
19973, 30.6341, 4.93037
19973, 33.0433, 5.25372
19973, 31.6209, 7.57768
19973, 32.3191, 4.18383
19973, 33.0037, 5.13002
19973, 32.0651, 5.92399
19973, 31.2028, 7.08802
19973, 30.9106, 5.10943
19973, 30.995, 5.36265
19973, 32.0186, 4.76882
19973, 31.6782, 6.67886
19973, 32.3361, 5.64004
19973, 32.3835, 4.89386
19973, 31.4976, 6.32823
19973, 32.3949, 4.27251
19973, 30.8794, 5.46005
19973, 31.3197, 4.28868
19973, 32.7789, 3.94001
19973, 31.7029, 5.53546
19973, 31.6572, 4.72394
19973, 32.0869, 5.53957
19973, 32.3077, 6.18196
19973, 32.6242, 5.19293
19973, 33.4164, 6.9257
19973, 31.2557, 5.92639
19973, 31.2315, 5.87309
19973, 31.6667, 4.91126
19973, 32.1514, 7.72216
19973, 32.3437, 6.95309
19973, 32.7996, 5.34386
19973, 32.3564, 5.43755
19973, 31.7821, 5.30699
19973, 32.5335, 6.9447
19973, 31.7124, 5.22954
19973, 32.4805, 5.92143
19973, 32.276, 4.97507
19973, 32.1561, 6.18621
19973, 31.0193, 5.18562
19973, 32.7022, 6.146
19973, 32.4256, 6.46301
19973, 31.6169, 4.54536
19973, 30.9483, 4.78668
19973, 31.1848, 6.36503
19973, 30.9242, 4.69092
19973, 32.497, 6.72145
19973, 30.4971, 6.60391
19973, 30.9559, 5.97029
19973, 34.709, 5.58588
19973, 31.8404, 5.8485
19973, 32.5929, 4.18015
19973, 30.4373, 5.66453
19973, 32.968, 5.47231
19973, 32.2066, 6.54473
19973, 32.6442, 6.85043
19973, 31.5306, 4.55328
19973, 32.0741, 6.17285
19973, 33.1697, 5.59032
19973, 31.7502, 6.65036
19973, 32.0118, 5.24324
19973, 31.1046, 6.38462
19973, 30.1376, 5.71362
19973, 29.9585, 4.6095
19973, 32.6632, 6.47115
19973, 31.5599, 4.89753
19974, 30.6084, 6.21846
19974, 31.8004, 5.74241
19974, 32.9777, 5.1577
19974, 31.5537, 5.96109
19974, 30.8346, 7.2686
19974, 31.8339, 6.00918
19974, 31.8482, 4.7085
19974, 31.1758, 7.06063
19974, 32.3585, 5.44349
19974, 31.7381, 5.30977
19974, 31.7211, 7.42559
19974, 31.3615, 5.15161
19974, 32.0152, 5.20689
19974, 32.001, 5.32774
19974, 32.1261, 4.87262
19974, 32.5608, 6.01203
19974, 32.5349, 5.31354
19974, 32.6758, 6.20618
19974, 31.1602, 5.39245
19974, 32.047, 5.0062
19974, 31.4192, 6.41718
19974, 30.4235, 4.12385
19974, 30.4019, 5.71824
19974, 31.5329, 6.27092
19974, 32.3004, 4.42975
19974, 31.2003, 4.86787
19974, 32.6169, 5.27169
19974, 32.0538, 5.67486
19974, 32.6872, 5.43274
19974, 31.3318, 5.60601
19974, 30.3721, 5.54458
19974, 29.8421, 6.16507
19974, 32.4949, 4.98021
19974, 32.0666, 4.35043
19974, 32.0461, 4.6104
19974, 31.7565, 5.18168
19974, 32.0504, 5.54133
19974, 30.4246, 6.57711
19974, 29.7387, 4.92143
19974, 30.1742, 6.44341
19974, 31.0741, 4.50947
19974, 31.9354, 5.26365
19974, 31.8464, 5.88005
19974, 31.2834, 5.09928
19974, 31.8164, 5.22
19974, 32.207, 4.13184
19974, 31.5222, 4.92636
19974, 32.3549, 4.1109
19974, 32.1816, 4.52751
19974, 32.8655, 4.35504
19974, 30.8543, 4.53613
19974, 32.6139, 5.37294
19974, 31.1558, 5.95989
19974, 32.2907, 5.46653
19974, 31.222, 5.1905
19974, 31.7439, 4.10641
19974, 32.104, 6.13697
19974, 32.8469, 5.56083
19974, 34.5029, 5.3599
19974, 32.0737, 5.89609
19974, 30.8601, 6.16098
19974, 31.8459, 5.04505
19974, 31.2431, 5.44412
19974, 32.2411, 4.68613
19974, 31.7921, 6.46466
19974, 32.2624, 5.79827
19974, 31.0571, 5.16104
19974, 32.0502, 4.31721
19974, 32.8107, 6.00537
19974, 32.7614, 5.43641
19974, 31.078, 5.25593
19974, 33.0145, 5.60428
19974, 30.455, 7.99918
19974, 31.3259, 5.39933
19974, 31.3697, 5.66409
19974, 31.7758, 6.58885
19974, 30.903, 5.99319
19974, 31.9781, 5.70287
19974, 32.0949, 6.04378
19974, 33.5631, 6.33607
19974, 31.6225, 6.2761
19974, 31.1297, 7.00552
19974, 31.2373, 6.15056
19974, 31.8602, 6.16981
19974, 32.1365, 6.11621
19974, 31.7364, 5.85981
19974, 31.6111, 7.0156
19974, 31.7566, 6.01011
19974, 30.2333, 6.53899
19974, 31.3188, 5.8001
19974, 30.6989, 6.5331
19974, 31.7161, 6.06097
19974, 32.2364, 5.37497
19974, 30.3496, 4.29248
19974, 32.5333, 5.8276
19974, 32.0146, 5.97475
19974, 31.2097, 6.78707
19974, 32.6421, 5.07518
19974, 31.1008, 5.89077
19974, 31.4725, 5.73851
19975, 31.9931, 4.29647
19975, 30.1798, 5.27332
19975, 31.5779, 6.17286
19975, 32.2434, 5.30805
19975, 31.2814, 5.50684
19975, 31.0183, 6.32887
19975, 30.1748, 6.15009
19975, 31.2105, 6.99638
19975, 31.4377, 5.77742
19975, 31.9018, 6.26601
19975, 30.3403, 5.59944
19975, 31.4016, 7.68926
19975, 31.4093, 5.18515
19975, 30.9621, 6.25771
19975, 32.2975, 5.41603
19975, 32.9274, 5.39215
19975, 32.0625, 6.08436
19975, 32.4026, 4.48139
19975, 33.2003, 3.45297
19975, 31.4107, 4.33456
19975, 30.7355, 7.31857
19975, 31.0339, 6.56186
19975, 32.6022, 5.86959
19975, 31.1797, 5.19979
19975, 31.038, 5.90691
19975, 30.3333, 5.558
19975, 32.0878, 6.2253
19975, 31.6541, 5.31859
19975, 32.3935, 5.56903
19975, 31.7215, 5.05661
19975, 31.959, 6.23904
19975, 31.1075, 7.92993
19975, 29.2982, 4.73903
19975, 31.3672, 6.0398
19975, 32.0412, 4.91954
19975, 32.66, 5.1904
19975, 31.9564, 6.19452
19975, 32.199, 6.13553
19975, 31.4055, 4.4335
19975, 30.6111, 5.259
19975, 31.1907, 4.78356
19975, 32.3032, 6.98004
19975, 32.5516, 5.20999
19975, 31.5284, 6.04192
19975, 33.0779, 5.69259
19975, 31.7228, 7.55434
19975, 31.2607, 6.7696
19975, 31.065, 6.35047
19975, 32.6743, 6.41161
19975, 31.6472, 5.81721
19975, 32.0105, 6.25462
19975, 31.4974, 5.10173
19975, 31.2733, 5.8921
19975, 32.9477, 7.08953
19975, 32.0982, 3.95075
19975, 31.0554, 4.55557
19975, 32.0683, 5.59819
19975, 32.2472, 7.27548
19975, 31.5155, 3.9278
19975, 32.8899, 5.68705
19975, 31.2086, 6.05841
19975, 30.7101, 6.88159
19975, 32.3843, 5.79848
19975, 30.2748, 5.45264
19975, 31.2697, 5.38709
19975, 31.9698, 4.45182
19975, 31.8759, 5.91124
19975, 32.7344, 5.75741
19975, 32.7465, 6.96734
19975, 30.888, 4.61523
19975, 31.0373, 6.40497
19975, 32.1889, 5.48515
19975, 30.5673, 6.63661
19975, 30.3279, 7.28136
19975, 31.7665, 5.40981
19975, 31.3205, 5.31705
19975, 32.1072, 6.10211
19975, 31.5679, 6.37002
19975, 31.6635, 6.58555
19975, 32.4694, 5.90616
19975, 31.8078, 4.9994
19975, 31.804, 4.96484
19975, 31.9302, 6.34055
19975, 31.4442, 5.981
19975, 31.5721, 4.54389
19975, 31.1571, 5.10389
19975, 33.2445, 4.28158
19975, 31.5572, 5.10908
19975, 32.1264, 5.02941
19975, 32.6618, 4.98329
19975, 32.6332, 5.51794
19975, 30.5375, 5.74409
19975, 31.6393, 5.50015
19975, 32.6058, 5.94082
19975, 31.5262, 5.52513
19975, 32.1593, 5.83815
19975, 32.7187, 7.03882
19975, 31.707, 5.56538
19975, 31.2676, 4.78384
19975, 31.9668, 5.89531
19976, 31.045, 5.27603
19976, 31.3538, 5.46012
19976, 30.8401, 6.2495
19976, 30.4235, 5.31186
19976, 32.3858, 5.32683
19976, 31.5455, 5.00551
19976, 31.7259, 4.67805
19976, 32.8997, 6.94379
19976, 32.0007, 4.79015
19976, 33.7768, 6.3519
19976, 31.7515, 6.08104
19976, 30.8006, 6.05124
19976, 33.09, 5.81956
19976, 30.762, 4.03203
19976, 31.3073, 5.48067
19976, 30.1339, 6.9225
19976, 32.225, 5.8032
19976, 32.0616, 4.90992
19976, 30.4039, 4.53734
19976, 32.1629, 6.47645
19976, 31.2115, 7.59455
19976, 30.7796, 5.89868
19976, 31.1616, 6.73352
19976, 30.3043, 5.77336
19976, 32.972, 5.25454
19976, 31.518, 6.66489
19976, 32.7121, 4.36064
19976, 31.4695, 5.77134
19976, 31.7213, 5.65043
19976, 32.8683, 7.24459
19976, 31.2818, 4.85872
19976, 31.2812, 6.21783
19976, 32.562, 5.48728
19976, 31.8917, 4.73118
19976, 30.9755, 6.5764
19976, 31.432, 5.50772
19976, 31.9595, 5.25477
19976, 30.7084, 6.21891
19976, 32.0482, 4.68917
19976, 31.8966, 5.1061
19976, 30.7243, 6.50128
19976, 30.7367, 6.62751
19976, 30.9425, 4.775
19976, 31.3025, 4.762
19976, 30.5382, 5.19941
19976, 29.3554, 5.62668
19976, 31.565, 5.13765
19976, 32.8572, 4.25674
19976, 32.0626, 5.6072
19976, 31.7155, 4.46362
19976, 30.9025, 5.78753
19976, 31.9308, 6.80749
19976, 31.7225, 7.27356
19976, 33.1574, 5.64727
19976, 32.6011, 4.80468
19976, 30.7178, 4.88276
19976, 31.4901, 4.53956
19976, 32.1266, 5.51699
19976, 31.3139, 4.52104
19976, 31.6153, 6.8457
19976, 31.8635, 6.30121
19976, 32.0268, 5.61223
19976, 31.9163, 6.16463
19976, 31.1452, 5.32789
19976, 31.5401, 4.96769
19976, 31.6399, 5.06934
19976, 31.0352, 6.36367
19976, 31.3723, 4.53514
19976, 31.2525, 6.55405
19976, 31.9683, 5.85496
19976, 31.6801, 5.39325
19976, 30.7811, 4.66549
19976, 32.8462, 5.21179
19976, 29.6117, 5.56397
19976, 31.6993, 6.27262
19976, 32.2635, 4.76896
19976, 32.1433, 5.89123
19976, 31.5002, 5.37532
19976, 31.053, 5.87026
19976, 32.6449, 6.08331
19976, 32.5485, 5.91898
19976, 30.2057, 6.34665
19976, 30.3215, 6.545
19976, 31.1988, 6.28379
19976, 32.5792, 4.18581
19976, 32.3722, 5.76596
19976, 32.967, 7.02279
19976, 31.833, 5.2687
19976, 30.9268, 5.62977
19976, 31.4804, 4.89063
19976, 32.3727, 5.03805
19976, 32.0218, 6.00597
19976, 31.5693, 6.1403
19976, 32.3893, 5.52629
19976, 31.9365, 6.60068
19976, 31.2682, 6.44486
19976, 31.5212, 4.06096
19976, 32.8682, 5.16811
19976, 32.1085, 5.76983
19976, 31.3971, 5.74489
19977, 32.5473, 5.68372
19977, 32.7233, 5.07001
19977, 32.8728, 5.57129
19977, 31.2937, 5.42264
19977, 33.0063, 6.41811
19977, 30.8067, 6.69249
19977, 31.3924, 5.74229
19977, 31.9225, 5.30641
19977, 33.366, 6.53685
19977, 31.9143, 5.07893
19977, 31.0023, 2.91806
19977, 31.7437, 4.88004
19977, 30.9612, 7.07239
19977, 31.0871, 5.90699
19977, 32.5772, 3.93288
19977, 32.2687, 5.50753
19977, 33.117, 5.06771
19977, 31.6069, 3.34644
19977, 31.2801, 7.53883
19977, 31.81, 4.89397
19977, 31.631, 4.86611
19977, 31.5949, 5.61863
19977, 30.9153, 6.63921
19977, 30.153, 5.21873
19977, 32.3481, 6.01154
19977, 33.2681, 5.11805
19977, 31.9038, 5.18391
19977, 31.7928, 5.2615
19977, 31.3677, 6.4879
19977, 30.8886, 7.35773
19977, 30.8213, 6.15572
19977, 32.9083, 5.02052
19977, 31.478, 5.18783
19977, 32.9924, 5.06326
19977, 30.5018, 7.05059
19977, 31.512, 5.82833
19977, 32.1901, 4.73031
19977, 31.4595, 4.75244
19977, 32.9016, 5.21371
19977, 33.6076, 5.51646
19977, 31.7313, 6.14571
19977, 31.2105, 5.50286
19977, 32.5886, 4.4901
19977, 31.5355, 5.34806
19977, 31.4776, 5.29509
19977, 30.8068, 5.3526
19977, 31.0076, 5.4288
19977, 31.4351, 5.46828
19977, 31.6281, 6.8893
19977, 32.0194, 4.74405
19977, 31.8153, 7.74284
19977, 30.4803, 6.99184
19977, 32.0643, 5.97465
19977, 30.6569, 6.1912
19977, 31.548, 5.58481
19977, 30.5446, 5.72604
19977, 30.9092, 5.39636
19977, 32.584, 5.15055
19977, 32.0923, 6.49789
19977, 32.2389, 5.53509
19977, 31.0116, 7.43025
19977, 31.4918, 6.23672
19977, 31.6119, 5.60968
19977, 32.3479, 2.53967
19977, 30.8715, 6.46648
19977, 31.5895, 6.77367
19977, 31.1854, 6.68307
19977, 31.1651, 5.12891
19977, 32.5875, 5.58971
19977, 31.2129, 5.60806
19977, 30.9962, 5.45489
19977, 31.9756, 6.18128
19977, 32.0323, 5.85005
19977, 31.5745, 5.86054
19977, 32.0865, 6.45865
19977, 31.4376, 5.14386
19977, 30.5502, 7.1888
19977, 30.783, 6.16075
19977, 33.4634, 6.77243
19977, 30.9331, 7.10486
19977, 31.182, 5.58956
19977, 31.8911, 5.4649
19977, 32.7421, 4.45238
19977, 30.6864, 5.35702
19977, 31.0643, 5.90147
19977, 32.5687, 5.40705
19977, 30.9917, 6.077
19977, 31.957, 7.16188
19977, 32.3319, 6.30242
19977, 32.3155, 5.89625
19977, 32.0754, 5.20813
19977, 31.9224, 3.99393
19977, 30.1969, 6.26914
19977, 32.347, 5.53425
19977, 31.1463, 5.64645
19977, 30.7422, 5.08698
19977, 32.4778, 4.9236
19977, 32.42, 5.09796
19977, 32.1244, 5.20126
19977, 31.5784, 6.84993
19978, 30.6442, 5.74431
19978, 30.3093, 3.89409
19978, 31.2793, 5.23198
19978, 29.937, 5.67275
19978, 32.1528, 6.11091
19978, 32.7196, 5.19646
19978, 30.8334, 6.46245
19978, 31.7781, 6.3473
19978, 32.6749, 6.04691
19978, 31.771, 4.76754
19978, 32.37, 5.2993
19978, 30.6857, 6.16488
19978, 31.4976, 6.83275
19978, 32.7279, 5.64853
19978, 31.6668, 5.89625
19978, 32.4685, 4.30506
19978, 32.3225, 5.6673
19978, 31.0965, 5.89781
19978, 30.9803, 6.71226
19978, 31.2301, 5.71967
19978, 32.3989, 6.30546
19978, 32.6845, 5.72631
19978, 31.6399, 5.63029
19978, 30.714, 6.59556
19978, 31.7728, 3.88241
19978, 31.688, 5.34331
19978, 30.893, 6.78562
19978, 30.6796, 4.978
19978, 31.6205, 5.59852
19978, 32.4362, 5.41472
19978, 30.9847, 5.97729
19978, 32.6622, 6.28799
19978, 31.4265, 5.26145
19978, 31.6198, 5.87001
19978, 31.0062, 5.72747
19978, 31.1287, 5.6373
19978, 31.855, 6.55611
19978, 32.991, 5.57213
19978, 32.2227, 5.49576
19978, 32.0808, 6.45019
19978, 32.0817, 5.97833
19978, 31.3981, 4.68468
19978, 31.3954, 6.77804
19978, 32.1584, 4.30029
19978, 33.3924, 6.5051
19978, 32.44, 3.1618
19978, 28.7087, 5.2223
19978, 32.1764, 6.32386
19978, 30.6124, 5.42637
19978, 32.1468, 6.8412
19978, 31.8372, 5.69033
19978, 30.5618, 5.98113
19978, 31.76, 5.13454
19978, 33.4237, 5.75504
19978, 31.1235, 7.05183
19978, 31.2365, 6.08419
19978, 30.6259, 5.69951
19978, 32.239, 6.81798
19978, 32.9909, 5.75415
19978, 30.9508, 4.56606
19978, 31.5484, 4.90454
19978, 31.4677, 5.04475
19978, 31.2705, 5.91435
19978, 30.6987, 6.34374
19978, 31.6367, 4.09352
19978, 32.1775, 5.3675
19978, 31.93, 6.91624
19978, 31.7997, 5.95239
19978, 30.7862, 4.64551
19978, 32.0424, 4.95255
19978, 31.3524, 5.8722
19978, 31.5945, 4.91386
19978, 32.5076, 4.7125
19978, 32.0075, 5.35079
19978, 30.9212, 5.65068
19978, 31.0695, 6.21675
19978, 32.6517, 6.04122
19978, 30.7087, 6.09583
19978, 30.3279, 6.71535
19978, 31.6954, 3.98567
19978, 33.2107, 6.21441
19978, 31.2318, 4.46987
19978, 30.7081, 5.52376
19978, 30.6946, 4.45152
19978, 32.3339, 5.45112
19978, 31.9455, 5.68646
19978, 31.5703, 4.66677
19978, 32.7469, 6.31381
19978, 30.7373, 4.00344
19978, 31.4622, 7.25551
19978, 32.6242, 7.13032
19978, 32.4587, 4.52179
19978, 31.8721, 4.1367
19978, 32.0905, 6.72936
19978, 31.7033, 4.84906
19978, 31.4557, 6.54481
19978, 32.3964, 5.33011
19978, 32.2767, 4.97545
19978, 30.6827, 7.69651
19978, 31.6763, 5.49242
19979, 32.7883, 5.79442
19979, 30.8323, 5.47255
19979, 31.6237, 6.36381
19979, 31.6323, 5.8994
19979, 31.8842, 5.25199
19979, 31.4238, 4.97786
19979, 31.7632, 5.72508
19979, 32.1868, 4.65658
19979, 30.7377, 5.77359
19979, 30.6724, 5.3312
19979, 32.5826, 6.44512
19979, 32.0323, 5.44146
19979, 31.5456, 5.36049
19979, 31.2441, 4.80197
19979, 31.6372, 5.89704
19979, 31.5953, 5.27428
19979, 32.8116, 4.60244
19979, 32.0809, 5.40379
19979, 30.846, 6.30952
19979, 31.6948, 5.76912
19979, 31.2938, 4.01777
19979, 31.0337, 5.59347
19979, 31.971, 6.10076
19979, 31.9819, 4.024
19979, 30.7825, 5.60892
19979, 32.8034, 4.22951
19979, 30.994, 6.79439
19979, 32.1189, 6.33403
19979, 31.6086, 5.35253
19979, 32.0067, 5.41803
19979, 31.2138, 5.75685
19979, 32.3816, 6.38671
19979, 32.7907, 5.42402
19979, 31.3912, 4.02558
19979, 31.4364, 7.00359
19979, 32.0457, 5.4427
19979, 31.7833, 5.50411
19979, 32.0051, 6.50311
19979, 31.5849, 6.7232
19979, 32.4939, 5.17476
19979, 30.9435, 6.06187
19979, 32.7102, 5.6496
19979, 31.9704, 4.81192
19979, 32.729, 4.46217
19979, 32.2997, 5.25524
19979, 31.7116, 6.23282
19979, 30.7188, 6.16221
19979, 30.4262, 6.45023
19979, 29.8855, 5.22138
19979, 31.9896, 5.73098
19979, 32.6224, 5.0133
19979, 32.8095, 6.0929
19979, 32.317, 5.67512
19979, 32.7728, 5.92483
19979, 31.5564, 4.79979
19979, 32.5909, 8.00147
19979, 30.9157, 7.02432
19979, 31.7748, 4.72513
19979, 30.5442, 4.1028
19979, 31.1319, 4.87284
19979, 32.148, 4.45708
19979, 31.9973, 6.17822
19979, 32.0038, 5.14713
19979, 33.4192, 6.32187
19979, 29.7508, 6.45101
19979, 30.4232, 7.22058
19979, 31.8063, 6.19839
19979, 30.9778, 6.06599
19979, 31.0506, 5.8708
19979, 32.6104, 5.98893
19979, 31.5399, 5.13143
19979, 31.2142, 5.55549
19979, 31.826, 6.04069
19979, 30.9407, 5.43633
19979, 31.4709, 5.88029
19979, 31.4619, 6.99408
19979, 32.2923, 5.37696
19979, 31.7768, 4.9159
19979, 30.9413, 6.74144
19979, 31.8216, 5.24159
19979, 32.2767, 6.40996
19979, 32.2693, 5.02185
19979, 31.7123, 5.67462
19979, 32.02, 6.75397
19979, 31.9987, 6.38739
19979, 33.081, 5.50364
19979, 30.8205, 5.82951
19979, 31.9198, 4.40281
19979, 30.9622, 4.90835
19979, 31.3726, 7.9494
19979, 31.7446, 5.29793
19979, 32.7353, 5.63116
19979, 31.7619, 6.6426
19979, 31.9086, 5.24822
19979, 31.3024, 6.76885
19979, 32.4711, 6.44194
19979, 31.0797, 5.79912
19979, 30.3438, 4.80356
19979, 31.4155, 5.33951
19979, 31.973, 5.78965
19980, 31.7397, 6.59135
19980, 32.0914, 6.42309
19980, 31.2062, 5.30739
19980, 32.3661, 6.22747
19980, 31.1732, 5.59471
19980, 31.0145, 5.21427
19980, 32.8555, 5.51622
19980, 31.4066, 5.65922
19980, 31.2779, 4.12556
19980, 29.6274, 6.52737
19980, 31.8336, 6.10516
19980, 32.7201, 5.105
19980, 32.1126, 6.95756
19980, 30.3952, 5.90466
19980, 31.4398, 7.04068
19980, 30.5564, 6.74446
19980, 31.125, 4.79733
19980, 31.0197, 5.23732
19980, 32.6908, 4.48142
19980, 31.9181, 6.07875
19980, 32.0392, 6.63974
19980, 32.2876, 6.37672
19980, 32.0485, 5.98212
19980, 31.3526, 6.57806
19980, 30.4669, 6.32698
19980, 32.0246, 4.65902
19980, 31.4343, 4.36946
19980, 30.5443, 5.74377
19980, 31.6856, 5.50578
19980, 31.48, 6.33089
19980, 31.2659, 5.41219
19980, 31.7682, 7.39107
19980, 31.1573, 5.26607
19980, 32.7937, 6.34565
19980, 30.0964, 5.87428
19980, 30.1005, 4.85964
19980, 31.5251, 4.27013
19980, 31.9651, 5.95146
19980, 31.2354, 5.62401
19980, 31.7247, 5.36625
19980, 32.1641, 5.50527
19980, 32.0491, 5.37359
19980, 31.0466, 6.16728
19980, 31.2743, 5.82299
19980, 31.9999, 5.18368
19980, 30.7535, 6.02239
19980, 32.5097, 6.28977
19980, 31.8725, 4.39324
19980, 31.2144, 5.00756
19980, 32.4082, 6.42986
19980, 31.1559, 4.64523
19980, 31.7244, 6.12724
19980, 31.0241, 5.33912
19980, 31.1054, 4.74226
19980, 31.8299, 5.39352
19980, 30.9346, 5.5234
19980, 32.5668, 5.2417
19980, 31.3119, 5.71446
19980, 30.7219, 5.69496
19980, 32.3067, 3.88334
19980, 31.4534, 4.61736
19980, 31.6236, 6.06751
19980, 33.3324, 5.97057
19980, 32.6673, 5.52526
19980, 31.7659, 6.48221
19980, 31.8142, 5.81041
19980, 32.7701, 5.41037
19980, 31.7702, 7.07057
19980, 29.8769, 6.00346
19980, 30.4604, 6.18404
19980, 31.979, 5.23503
19980, 30.4404, 4.78857
19980, 32.1443, 6.07935
19980, 30.1611, 5.74346
19980, 31.7303, 5.92275
19980, 32.6619, 5.84376
19980, 33.301, 5.14051
19980, 32.5442, 5.73705
19980, 30.4046, 4.67679
19980, 32.3422, 5.65891
19980, 30.9984, 5.86186
19980, 32.3542, 5.14224
19980, 32.5115, 4.21667
19980, 31.7675, 7.27251
19980, 32.8376, 4.93771
19980, 33.3358, 5.68747
19980, 32.1179, 5.62076
19980, 30.9567, 4.89651
19980, 31.5347, 5.86294
19980, 32.8807, 5.53979
19980, 29.3581, 5.59882
19980, 31.9954, 5.58359
19980, 32.8681, 4.4111
19980, 31.7439, 4.63448
19980, 31.3242, 4.72659
19980, 31.434, 5.65588
19980, 31.6499, 4.73829
19980, 31.4556, 7.30172
19980, 31.7714, 6.05343
19980, 31.1938, 5.38373
19981, 31.1574, 6.21189
19981, 31.8058, 6.47165
19981, 32.4878, 7.44002
19981, 32.6582, 5.97744
19981, 29.8793, 6.65849
19981, 28.8056, 6.38132
19981, 32.4772, 5.38912
19981, 31.5321, 5.40811
19981, 32.637, 6.38714
19981, 31.776, 6.02086
19981, 33.063, 5.02298
19981, 31.6375, 6.32465
19981, 31.6117, 6.19054
19981, 31.6037, 6.05969
19981, 31.6898, 5.72076
19981, 31.9802, 6.12699
19981, 31.6466, 5.59349
19981, 32.6767, 6.75243
19981, 31.8776, 6.32379
19981, 32.1829, 6.10337
19981, 31.0389, 5.87907
19981, 32.2707, 6.33967
19981, 31.7319, 5.8539
19981, 32.2153, 5.1258
19981, 31.8565, 5.91516
19981, 30.6481, 6.39344
19981, 31.3305, 5.91112
19981, 31.9666, 4.7197
19981, 31.2526, 8.19116
19981, 32.1209, 6.28502
19981, 32.8566, 3.80384
19981, 32.0862, 6.50465
19981, 32.0108, 5.91248
19981, 31.4209, 4.7215
19981, 31.4291, 5.75207
19981, 32.3495, 5.02177
19981, 31.0651, 6.49747
19981, 32.0239, 5.29272
19981, 32.4824, 6.69204
19981, 33.2042, 4.65044
19981, 32.1211, 5.62213
19981, 32.7095, 7.2521
19981, 31.1965, 6.39789
19981, 31.3312, 5.59853
19981, 31.8571, 6.18385
19981, 33.252, 6.13421
19981, 31.5557, 6.26245
19981, 31.1716, 4.05017
19981, 31.4342, 5.6969
19981, 30.6734, 5.0436
19981, 32.5456, 5.7509
19981, 31.0883, 6.25136
19981, 32.0871, 5.98468
19981, 31.5415, 5.29377
19981, 32.2467, 5.35598
19981, 32.0241, 6.12104
19981, 30.9902, 5.9565
19981, 32.5032, 5.62646
19981, 32.4881, 3.76713
19981, 30.8008, 4.36732
19981, 32.8274, 5.22053
19981, 31.2617, 4.31622
19981, 31.2473, 7.69321
19981, 33.3046, 5.62867
19981, 31.7534, 6.09226
19981, 32.0939, 5.32211
19981, 32.0588, 5.69201
19981, 31.2878, 4.02131
19981, 32.0566, 5.34246
19981, 31.4814, 5.12455
19981, 32.6934, 7.08653
19981, 30.4542, 5.7654
19981, 31.1128, 5.20027
19981, 32.481, 5.6044
19981, 31.2883, 5.08862
19981, 30.6051, 6.18715
19981, 31.8749, 5.28337
19981, 33.0587, 5.21017
19981, 32.1405, 4.88205
19981, 32.3065, 6.08262
19981, 29.9257, 6.60378
19981, 32.396, 4.66195
19981, 32.5337, 5.05448
19981, 32.3507, 5.74945
19981, 31.498, 4.41975
19981, 31.4628, 6.98513
19981, 30.8373, 7.0019
19981, 31.7286, 8.3201
19981, 31.0823, 4.08082
19981, 32.5861, 6.09195
19981, 30.7991, 5.36068
19981, 32.6235, 4.67647
19981, 32.7299, 6.32574
19981, 31.5592, 5.29292
19981, 31.7418, 5.24406
19981, 30.6873, 6.81971
19981, 31.9596, 5.10589
19981, 34.3864, 4.98658
19981, 31.0125, 4.94719
19981, 32.0068, 5.87317
19982, 32.0809, 4.3753
19982, 32.2383, 5.87502
19982, 32.6649, 6.24275
19982, 32.945, 5.01387
19982, 31.4204, 6.05841
19982, 33.2198, 5.97807
19982, 31.4217, 4.94161
19982, 30.9832, 6.65869
19982, 31.7611, 6.14339
19982, 34.2173, 4.96579
19982, 32.4881, 5.28118
19982, 32.6035, 4.39938
19982, 32.8954, 5.74202
19982, 31.0762, 6.34919
19982, 31.9468, 4.84104
19982, 32.9448, 4.69029
19982, 31.5456, 4.50006
19982, 32.0833, 5.66916
19982, 32.1416, 5.77637
19982, 31.1269, 6.28733
19982, 32.8967, 4.06127
19982, 32.0262, 6.10103
19982, 32.2843, 5.12274
19982, 32.2906, 4.23855
19982, 32.2092, 4.74915
19982, 31.2135, 5.06318
19982, 32.0335, 4.90178
19982, 31.6058, 5.07693
19982, 33.2762, 6.2372
19982, 32.6677, 6.38794
19982, 30.9905, 5.10843
19982, 31.5611, 5.19062
19982, 31.9644, 6.84023
19982, 31.4979, 4.88907
19982, 29.9248, 5.78809
19982, 31.0705, 5.41085
19982, 31.1524, 6.08431
19982, 31.564, 4.95738
19982, 31.2777, 5.59569
19982, 33.0981, 5.65809
19982, 29.0714, 5.84859
19982, 32.3244, 6.16878
19982, 32.5105, 5.54305
19982, 30.5242, 5.42284
19982, 32.5355, 4.51237
19982, 32.5591, 5.1724
19982, 32.4749, 6.18515
19982, 31.1313, 5.07514
19982, 32.0141, 4.89237
19982, 30.4533, 5.56802
19982, 33.5795, 5.69606
19982, 33.0068, 5.55467
19982, 31.9331, 4.95954
19982, 30.6614, 5.74638
19982, 31.318, 6.52736
19982, 31.8953, 5.90772
19982, 31.3815, 4.72986
19982, 33.0664, 6.22488
19982, 31.2606, 6.45253
19982, 31.8521, 4.25081
19982, 31.2247, 4.886
19982, 29.8454, 7.00395
19982, 31.332, 4.17699
19982, 30.702, 6.00509
19982, 32.5574, 5.7008
19982, 30.685, 5.66605
19982, 31.6129, 5.24526
19982, 30.8945, 6.56216
19982, 32.1683, 5.52934
19982, 31.5595, 5.22814
19982, 33.5253, 6.69208
19982, 31.6254, 7.31902
19982, 31.4648, 6.10017
19982, 31.7986, 4.95095
19982, 31.4977, 6.09557
19982, 33.0029, 4.78789
19982, 31.5645, 5.87293
19982, 32.1164, 5.92983
19982, 32.6123, 4.60895
19982, 32.9327, 6.11707
19982, 33.3444, 5.34421
19982, 31.8734, 6.83327
19982, 31.6662, 4.53983
19982, 31.464, 5.39227
19982, 30.7497, 5.43272
19982, 31.2546, 5.58983
19982, 31.647, 6.79563
19982, 31.6135, 6.34693
19982, 32.4299, 4.96101
19982, 32.1458, 5.49326
19982, 32.291, 6.44183
19982, 32.3508, 4.61573
19982, 31.4382, 5.97183
19982, 30.5033, 5.51936
19982, 33.5849, 5.65056
19982, 32.1288, 4.34351
19982, 31.9977, 6.99
19982, 31.4341, 5.51141
19982, 31.1676, 7.23936
19982, 31.7845, 5.72756
19983, 30.8516, 5.77799
19983, 32.2921, 5.04774
19983, 31.0563, 4.14943
19983, 31.8716, 6.69422
19983, 33.2113, 5.06441
19983, 31.4338, 7.34391
19983, 31.9778, 4.68646
19983, 32.7655, 5.90646
19983, 30.5633, 5.53277
19983, 30.4623, 6.19788
19983, 31.4855, 7.29363
19983, 31.4416, 4.71262
19983, 31.7692, 6.21267
19983, 30.4223, 6.01579
19983, 31.1626, 3.82621
19983, 30.8691, 6.97672
19983, 30.8257, 5.6564
19983, 31.6916, 6.04243
19983, 30.9884, 4.77864
19983, 31.244, 5.98958
19983, 32.3877, 6.23273
19983, 33.3218, 6.95416
19983, 32.393, 5.20467
19983, 31.7529, 6.48509
19983, 31.4352, 7.78973
19983, 31.4046, 6.09551
19983, 31.2472, 5.10287
19983, 31.2696, 5.62533
19983, 31.9078, 6.41683
19983, 31.9112, 4.95487
19983, 30.7863, 6.40099
19983, 30.4898, 6.76897
19983, 31.0226, 5.67394
19983, 31.2734, 5.35398
19983, 31.3841, 5.08794
19983, 32.6042, 6.56655
19983, 31.1421, 6.26202
19983, 32.4505, 5.51795
19983, 31.447, 4.75963
19983, 30.7897, 6.32667
19983, 31.1557, 5.80194
19983, 31.4373, 6.02445
19983, 32.2721, 4.74124
19983, 31.9974, 4.66227
19983, 31.2475, 5.6132
19983, 31.2905, 6.59522
19983, 29.807, 7.17961
19983, 31.9303, 6.00214
19983, 32.9633, 4.53097
19983, 31.2793, 6.21538
19983, 31.1234, 6.84612
19983, 31.4971, 3.44048
19983, 32.4099, 4.93483
19983, 31.2292, 5.58762
19983, 31.9214, 6.99792
19983, 31.7281, 5.30622
19983, 31.7371, 5.52839
19983, 32.909, 5.81534
19983, 31.7667, 5.77446
19983, 33.1142, 5.99916
19983, 31.3869, 5.74424
19983, 32.3831, 5.98434
19983, 31.4413, 5.06353
19983, 32.279, 5.76976
19983, 31.6637, 4.6693
19983, 31.0851, 4.81789
19983, 32.2544, 4.80936
19983, 30.3843, 6.51465
19983, 31.6656, 6.96956
19983, 31.3056, 5.53665
19983, 31.6681, 6.05677
19983, 31.4326, 4.28914
19983, 30.7563, 6.00742
19983, 30.3301, 5.52274
19983, 31.3795, 5.35936
19983, 34.0508, 5.74936
19983, 31.1946, 4.03987
19983, 32.2792, 5.53497
19983, 32.4711, 5.11113
19983, 32.1487, 4.38347
19983, 31.3974, 5.57949
19983, 31.5357, 5.91094
19983, 31.6364, 5.66217
19983, 31.5051, 5.38138
19983, 32.5248, 5.59545
19983, 31.4633, 5.66771
19983, 31.2116, 6.29381
19983, 32.0186, 5.06001
19983, 32.7884, 4.98583
19983, 30.7194, 5.3052
19983, 31.3215, 5.81124
19983, 32.052, 5.964
19983, 31.6829, 4.97259
19983, 31.6296, 4.17611
19983, 32.5623, 4.29827
19983, 32.0822, 5.70412
19983, 30.7035, 5.09905
19983, 31.7153, 7.10578
19983, 32.6227, 6.20628
19983, 30.6752, 6.05396
19984, 31.0093, 6.33023
19984, 31.6141, 6.04408
19984, 31.3097, 5.26769
19984, 32.1058, 6.57262
19984, 33.4958, 5.44857
19984, 31.8597, 6.31764
19984, 32.2336, 6.41802
19984, 31.6869, 4.84232
19984, 32.7182, 5.9741
19984, 31.5043, 7.14706
19984, 31.4675, 3.68305
19984, 31.5916, 6.54202
19984, 32.0406, 5.63554
19984, 32.187, 4.32127
19984, 29.7554, 7.26134
19984, 31.9204, 5.77148
19984, 33.0934, 5.62378
19984, 32.0946, 6.04118
19984, 31.7279, 6.02475
19984, 30.7513, 4.3646
19984, 33.1318, 5.5058
19984, 30.5537, 7.23225
19984, 31.5, 6.22558
19984, 32.454, 4.97605
19984, 32.7248, 5.87739
19984, 30.466, 7.12276
19984, 32.5642, 5.16159
19984, 31.5442, 5.64004
19984, 32.7428, 5.06857
19984, 30.1459, 6.96908
19984, 31.3712, 4.93132
19984, 32.4044, 6.58516
19984, 32.7891, 4.74873
19984, 31.9785, 4.92908
19984, 31.5055, 6.81017
19984, 31.9696, 6.09983
19984, 32.3816, 5.73252
19984, 31.9835, 5.39565
19984, 32.2541, 5.84139
19984, 32.9588, 5.11333
19984, 30.7869, 6.29078
19984, 31.6932, 5.55749
19984, 31.5063, 5.38579
19984, 31.5222, 6.05375
19984, 30.9502, 5.10305
19984, 29.307, 7.79248
19984, 30.6009, 5.74587
19984, 30.5954, 5.57766
19984, 31.8542, 5.29433
19984, 32.7296, 5.63577
19984, 32.1005, 6.6959
19984, 31.3951, 6.93098
19984, 31.5229, 5.229
19984, 32.1084, 6.34574
19984, 32.3813, 6.38069
19984, 31.3482, 6.08592
19984, 31.0198, 5.38928
19984, 31.095, 6.78428
19984, 30.8128, 3.56437
19984, 30.1747, 6.08497
19984, 32.3697, 5.65294
19984, 30.3924, 5.86187
19984, 32.8676, 6.26234
19984, 31.3938, 5.19349
19984, 31.5626, 6.41072
19984, 32.0643, 4.50648
19984, 30.8102, 5.10923
19984, 31.5942, 5.07426
19984, 32.3551, 5.98403
19984, 31.7448, 5.8631
19984, 31.1651, 4.82118
19984, 33.4146, 5.44896
19984, 31.4438, 5.03142
19984, 31.471, 6.54293
19984, 30.7266, 5.47738
19984, 30.5408, 7.25818
19984, 30.8462, 6.42509
19984, 31.6204, 6.85209
19984, 29.9245, 7.52006
19984, 29.3918, 8.16205
19984, 31.5963, 5.39191
19984, 31.5394, 5.98159
19984, 31.5546, 6.87407
19984, 32.6431, 6.5305
19984, 32.8112, 4.77561
19984, 32.1862, 5.40682
19984, 31.6992, 5.95988
19984, 31.6184, 5.96634
19984, 32.7101, 5.28229
19984, 31.3881, 5.48993
19984, 30.7499, 7.03782
19984, 31.445, 5.7307
19984, 32.6462, 5.8077
19984, 30.9532, 6.05816
19984, 31.034, 4.84359
19984, 31.1782, 6.01796
19984, 31.9147, 6.14962
19984, 31.6572, 5.44729
19984, 32.0094, 4.83698
19984, 32.4098, 5.781
19985, 31.9502, 5.08284
19985, 31.3483, 7.16271
19985, 32.0552, 5.1818
19985, 33.5286, 6.72545
19985, 31.8032, 5.64949
19985, 30.6445, 4.89071
19985, 30.6714, 6.78092
19985, 33.2286, 7.17568
19985, 32.1499, 6.3649
19985, 30.3791, 7.50613
19985, 32.1469, 4.98007
19985, 32.4899, 6.99416
19985, 31.5196, 4.78072
19985, 31.6799, 5.18055
19985, 30.5772, 5.30966
19985, 31.1554, 5.84973
19985, 31.9891, 4.79499
19985, 32.0972, 7.21494
19985, 30.631, 4.80447
19985, 32.5021, 4.11645
19985, 31.3052, 6.1737
19985, 32.7993, 5.67492
19985, 31.4892, 4.83676
19985, 31.534, 5.48281
19985, 31.8531, 6.37922
19985, 32.5819, 6.53406
19985, 32.4498, 5.87558
19985, 32.2813, 5.31067
19985, 32.0552, 5.1946
19985, 31.7973, 5.7794
19985, 32.706, 6.04816
19985, 30.8596, 6.1923
19985, 31.0225, 6.01295
19985, 32.564, 3.46813
19985, 33.2398, 5.28916
19985, 33.1831, 6.20084
19985, 31.8672, 7.577
19985, 31.009, 5.94383
19985, 32.0528, 4.38239
19985, 31.0111, 5.41593
19985, 30.9622, 6.48909
19985, 32.3838, 4.77079
19985, 31.8349, 3.93224
19985, 32.072, 5.62316
19985, 31.6529, 4.53988
19985, 32.1215, 5.02958
19985, 30.7523, 6.34818
19985, 31.2121, 4.95774
19985, 32.3214, 6.66255
19985, 32.1146, 5.63022
19985, 30.861, 6.32037
19985, 32.6983, 6.94726
19985, 30.2899, 5.70497
19985, 31.9216, 3.43515
19985, 31.87, 5.98994
19985, 31.7158, 5.05402
19985, 31.5103, 4.89535
19985, 31.9508, 4.77361
19985, 33.0863, 5.19635
19985, 32.545, 4.59328
19985, 32.404, 7.50791
19985, 31.6998, 6.04561
19985, 31.2866, 5.97684
19985, 31.6778, 6.63833
19985, 31.7571, 5.80095
19985, 32.1576, 5.92886
19985, 29.5642, 6.94669
19985, 31.905, 3.78011
19985, 32.0141, 5.10963
19985, 31.6934, 5.10679
19985, 30.2772, 5.55577
19985, 31.7775, 6.84482
19985, 30.4904, 4.17842
19985, 31.4428, 6.66844
19985, 32.6545, 6.13236
19985, 29.8986, 4.782
19985, 31.1221, 5.87943
19985, 31.5021, 5.28519
19985, 31.1903, 5.83079
19985, 32.2456, 5.33948
19985, 31.8656, 6.38127
19985, 32.2883, 5.36496
19985, 32.4069, 5.26199
19985, 32.224, 6.552
19985, 31.5875, 4.50164
19985, 32.3048, 6.00785
19985, 31.8649, 5.62174
19985, 30.4886, 5.99386
19985, 31.8136, 4.56323
19985, 31.9448, 5.79855
19985, 32.2943, 5.2872
19985, 32.5244, 5.90351
19985, 32.7252, 5.59873
19985, 32.7453, 5.74091
19985, 30.6445, 4.6313
19985, 31.8939, 5.41181
19985, 30.3436, 5.38927
19985, 31.5353, 3.92522
19985, 31.8971, 6.2583
19985, 30.1441, 4.77559
19986, 32.0097, 5.15146
19986, 30.2854, 4.84169
19986, 31.0297, 5.15692
19986, 31.4864, 4.36772
19986, 30.1853, 5.23184
19986, 31.2179, 6.82237
19986, 31.7403, 5.60453
19986, 31.8462, 5.62613
19986, 30.8161, 5.59496
19986, 32.8494, 5.31824
19986, 30.7472, 5.69349
19986, 31.4721, 5.57294
19986, 32.2464, 5.19748
19986, 31.6704, 4.78262
19986, 32.6308, 5.64811
19986, 32.3654, 7.04029
19986, 30.5053, 5.99643
19986, 30.9693, 5.29163
19986, 32.1964, 5.44406
19986, 31.4543, 5.56038
19986, 32.3311, 5.73052
19986, 31.901, 4.87918
19986, 32.9279, 3.86195
19986, 30.5906, 4.10279
19986, 31.481, 5.81664
19986, 32.1048, 5.51772
19986, 32.1135, 4.93972
19986, 32.4617, 6.3313
19986, 31.78, 6.46063
19986, 32.255, 5.30183
19986, 31.7207, 6.0762
19986, 32.0008, 5.25657
19986, 32.1633, 5.68497
19986, 30.959, 5.95976
19986, 30.6159, 5.03443
19986, 31.7918, 5.9364
19986, 32.3335, 5.76528
19986, 31.9568, 5.77064
19986, 31.5776, 5.8794
19986, 32.5808, 5.58345
19986, 31.887, 5.34088
19986, 32.7326, 5.33704
19986, 31.7012, 5.91738
19986, 31.1078, 6.4369
19986, 31.878, 5.25111
19986, 31.4953, 6.12084
19986, 33.0909, 5.75646
19986, 31.9379, 7.48491
19986, 32.0631, 6.61194
19986, 30.6629, 6.45016
19986, 31.502, 6.10709
19986, 31.053, 5.85079
19986, 30.8815, 6.07084
19986, 31.5847, 5.39896
19986, 32.0162, 5.53219
19986, 32.0373, 5.88723
19986, 31.5736, 8.04171
19986, 32.8808, 4.3973
19986, 31.8789, 6.35143
19986, 32.7268, 5.11263
19986, 29.5191, 4.13913
19986, 31.3011, 4.06318
19986, 31.944, 5.35778
19986, 30.8705, 5.25811
19986, 32.1859, 6.12425
19986, 31.8187, 6.44005
19986, 30.4751, 5.52786
19986, 32.8106, 5.55037
19986, 31.943, 6.06623
19986, 31.3765, 5.1358
19986, 31.6315, 5.64188
19986, 32.4162, 6.18763
19986, 31.8809, 6.48339
19986, 31.8342, 5.77174
19986, 32.6566, 5.1686
19986, 32.743, 6.43473
19986, 30.4898, 4.71016
19986, 32.6602, 4.63099
19986, 32.2586, 6.32918
19986, 30.6978, 5.67012
19986, 31.6277, 4.90836
19986, 31.4834, 4.60913
19986, 32.4747, 4.87325
19986, 31.3246, 5.99925
19986, 32.9849, 6.38179
19986, 32.6773, 5.47508
19986, 31.56, 4.85485
19986, 31.1327, 5.76781
19986, 31.7001, 3.80158
19986, 31.4009, 7.09638
19986, 32.2052, 5.43299
19986, 31.3854, 7.02749
19986, 31.7566, 6.32442
19986, 32.0742, 4.64586
19986, 30.9746, 5.56547
19986, 32.3356, 4.80153
19986, 30.3583, 5.02261
19986, 31.9497, 6.52297
19986, 31.2423, 6.45484
19986, 32.5842, 5.45191
19987, 32.8358, 4.47667
19987, 31.8911, 5.48256
19987, 31.3726, 6.66958
19987, 30.8418, 5.6471
19987, 31.0481, 5.32118
19987, 31.2538, 4.97852
19987, 31.9726, 5.94393
19987, 30.954, 6.96061
19987, 31.8644, 5.33629
19987, 32.5709, 6.89037
19987, 31.9956, 5.47507
19987, 32.0005, 4.58823
19987, 32.0089, 5.38076
19987, 30.3625, 4.29401
19987, 30.7213, 6.28226
19987, 32.3369, 5.51731
19987, 31.2856, 6.99804
19987, 32.2218, 5.75642
19987, 30.8583, 5.24664
19987, 30.7278, 5.66679
19987, 30.867, 7.71456
19987, 32.2713, 4.52322
19987, 31.7585, 5.95529
19987, 31.5702, 4.81015
19987, 31.9105, 5.89234
19987, 30.3991, 7.20177
19987, 32.1832, 5.83831
19987, 31.8233, 6.75088
19987, 31.0251, 5.74473
19987, 31.6016, 5.78032
19987, 31.5963, 4.72364
19987, 30.7435, 7.26291
19987, 32.4305, 4.57504
19987, 30.0014, 5.2186
19987, 31.2246, 5.8996
19987, 32.979, 7.17192
19987, 32.9913, 4.74678
19987, 32.7402, 7.40437
19987, 30.6341, 5.68603
19987, 32.097, 4.5774
19987, 32.485, 4.65233
19987, 32.2588, 6.27872
19987, 32.3056, 6.37992
19987, 31.6473, 4.71797
19987, 31.5152, 5.68342
19987, 32.6445, 5.52242
19987, 32.015, 6.48934
19987, 32.8751, 5.185
19987, 32.4289, 5.54803
19987, 32.2135, 6.00049
19987, 31.2179, 5.31641
19987, 32.582, 6.15608
19987, 31.8109, 5.79297
19987, 31.1825, 4.53942
19987, 32.0704, 5.98497
19987, 32.3602, 6.27043
19987, 31.5132, 5.71034
19987, 32.1354, 6.36472
19987, 31.5998, 6.21879
19987, 31.9496, 7.87076
19987, 31.7507, 4.71123
19987, 33.3504, 6.08434
19987, 31.1862, 5.75247
19987, 31.7763, 6.47343
19987, 33.2081, 4.37376
19987, 32.6375, 6.18698
19987, 33.3511, 6.10202
19987, 31.9538, 5.15249
19987, 31.5184, 6.31921
19987, 33.05, 5.39224
19987, 31.7793, 5.26605
19987, 32.4604, 6.21403
19987, 31.418, 6.32254
19987, 31.6174, 5.59578
19987, 31.9402, 4.96052
19987, 32.1251, 5.50313
19987, 32.5365, 5.72481
19987, 32.9396, 5.18803
19987, 33.3319, 6.2591
19987, 32.0119, 6.35714
19987, 32.4333, 4.60372
19987, 32.1657, 6.22793
19987, 31.8864, 6.70475
19987, 33.0764, 5.65703
19987, 30.517, 4.39483
19987, 30.8769, 7.7855
19987, 30.6094, 5.57461
19987, 31.9679, 6.06396
19987, 31.6614, 5.14675
19987, 32.8686, 6.35926
19987, 31.5543, 5.55424
19987, 32.1339, 6.6068
19987, 32.5355, 6.00456
19987, 31.6446, 5.67583
19987, 30.8069, 6.77839
19987, 32.288, 6.73582
19987, 30.8854, 7.04572
19987, 30.8545, 6.46335
19987, 31.8301, 5.37922
19987, 32.3396, 4.46069
19988, 31.5537, 5.1781
19988, 31.6458, 4.45528
19988, 30.978, 5.02482
19988, 30.7862, 5.14009
19988, 31.2835, 6.77163
19988, 30.8618, 4.83917
19988, 31.8069, 5.67258
19988, 32.9085, 5.64765
19988, 32.2417, 5.65991
19988, 32.2508, 6.47682
19988, 32.0684, 5.05315
19988, 31.872, 4.87399
19988, 31.9725, 5.9405
19988, 32.3583, 5.54212
19988, 31.5156, 6.51241
19988, 31.3312, 4.74899
19988, 31.5962, 3.96562
19988, 32.1389, 7.98688
19988, 31.0595, 6.90141
19988, 32.0258, 4.71045
19988, 31.0144, 5.99909
19988, 31.9492, 6.07881
19988, 31.7481, 4.67516
19988, 31.5927, 6.58906
19988, 31.2969, 5.81096
19988, 31.6002, 5.99133
19988, 31.6816, 5.42707
19988, 32.6221, 5.84763
19988, 31.3342, 5.01858
19988, 30.6421, 6.23411
19988, 30.929, 5.56842
19988, 33.0794, 5.94332
19988, 33.3826, 5.60895
19988, 32.6303, 5.89601
19988, 31.7668, 6.1682
19988, 32.4928, 6.39082
19988, 31.8385, 5.73609
19988, 31.7723, 5.10288
19988, 30.3512, 5.96797
19988, 33.6691, 5.61965
19988, 30.9836, 7.26137
19988, 30.888, 6.29394
19988, 32.7423, 5.31732
19988, 31.8137, 4.37538
19988, 31.3363, 6.31103
19988, 33.1933, 5.79417
19988, 33.2726, 5.18731
19988, 31.7589, 5.86246
19988, 31.815, 5.7714
19988, 31.2113, 6.67659
19988, 32.5229, 6.15004
19988, 30.794, 7.09908
19988, 33.2763, 6.06227
19988, 32.2369, 7.77452
19988, 32.8171, 4.76121
19988, 33.259, 4.73232
19988, 31.0408, 5.93502
19988, 32.2139, 5.32353
19988, 31.4292, 7.49834
19988, 30.4544, 6.23859
19988, 30.1589, 6.7444
19988, 31.7145, 5.1895
19988, 30.0416, 5.9272
19988, 31.5644, 5.72379
19988, 31.4688, 6.17256
19988, 31.4922, 7.17402
19988, 31.3095, 6.00454
19988, 31.4631, 5.03535
19988, 30.3499, 5.67615
19988, 30.4133, 5.14324
19988, 31.4479, 6.54524
19988, 30.1036, 6.46759
19988, 31.4701, 6.02097
19988, 30.6498, 5.66827
19988, 32.7106, 4.5371
19988, 31.4123, 6.78915
19988, 31.6964, 6.59268
19988, 31.596, 5.70136
19988, 31.4315, 4.52677
19988, 30.1559, 5.5768
19988, 31.2934, 5.04656
19988, 32.0049, 5.42393
19988, 32.8732, 5.07737
19988, 32.495, 6.73136
19988, 30.8613, 5.43583
19988, 31.8272, 4.48512
19988, 30.8155, 3.77781
19988, 29.8835, 5.00239
19988, 32.1137, 4.57798
19988, 32.0666, 5.10967
19988, 31.5658, 6.30427
19988, 31.0424, 7.37893
19988, 32.3989, 4.88433
19988, 30.8924, 5.22931
19988, 33.6362, 5.17738
19988, 32.855, 5.63346
19988, 31.8223, 4.16253
19988, 30.7624, 4.30297
19988, 31.795, 5.49069
19988, 32.0428, 6.70504
19989, 32.8854, 6.32225
19989, 31.8548, 6.03689
19989, 31.7059, 6.50986
19989, 32.8312, 4.7377
19989, 31.0318, 5.57499
19989, 30.5119, 5.94805
19989, 31.9885, 5.24176
19989, 30.6972, 5.7134
19989, 31.6988, 5.86129
19989, 32.2303, 6.63071
19989, 30.9544, 5.06622
19989, 31.0759, 3.89895
19989, 30.435, 5.08778
19989, 31.6957, 6.92052
19989, 29.0623, 6.023
19989, 30.0619, 5.54834
19989, 32.0424, 6.57954
19989, 30.8017, 6.76481
19989, 30.051, 6.73803
19989, 31.4684, 5.69822
19989, 32.6802, 6.5835
19989, 32.4875, 6.03563
19989, 30.9902, 5.63148
19989, 31.5911, 5.99225
19989, 30.8235, 5.50567
19989, 31.3772, 6.66787
19989, 32.8094, 7.31497
19989, 31.5429, 5.80975
19989, 31.2674, 4.88998
19989, 31.9918, 5.12328
19989, 32.7604, 4.81183
19989, 33.9578, 5.60544
19989, 32.2369, 5.86781
19989, 31.4424, 4.75711
19989, 31.3261, 7.0493
19989, 32.0729, 6.17256
19989, 32.7108, 4.86608
19989, 32.398, 5.20677
19989, 31.3433, 6.0538
19989, 32.2338, 6.21304
19989, 30.344, 5.62382
19989, 32.3413, 7.02078
19989, 31.6446, 5.17828
19989, 33.2296, 4.26996
19989, 32.667, 4.40782
19989, 31.7302, 6.75275
19989, 32.2126, 5.8098
19989, 32.7044, 5.67786
19989, 31.0202, 6.22649
19989, 31.7306, 6.75185
19989, 32.0561, 5.44662
19989, 32.0321, 4.88037
19989, 32.6147, 7.72171
19989, 32.6945, 5.72816
19989, 30.1693, 6.19277
19989, 32.626, 6.35483
19989, 31.0427, 6.0519
19989, 32.731, 5.12337
19989, 32.4048, 6.35803
19989, 32.1364, 5.69471
19989, 30.9668, 5.57145
19989, 31.4251, 6.28278
19989, 32.0805, 6.79732
19989, 30.2086, 5.13892
19989, 31.649, 5.87642
19989, 30.9991, 6.81232
19989, 32.3481, 5.85639
19989, 29.969, 6.33133
19989, 31.2719, 5.69355
19989, 32.2573, 6.7615
19989, 30.8842, 6.70301
19989, 30.0221, 5.3771
19989, 31.5336, 5.38337
19989, 31.6422, 6.68575
19989, 30.9216, 5.44139
19989, 32.316, 6.87798
19989, 31.8992, 5.01451
19989, 29.7194, 6.19345
19989, 31.2799, 6.41431
19989, 30.9163, 5.4331
19989, 31.11, 4.96735
19989, 33.1855, 6.06253
19989, 31.2662, 4.26465
19989, 32.1627, 6.2797
19989, 31.4606, 5.06216
19989, 33.609, 6.19367
19989, 31.4133, 6.07481
19989, 32.4772, 6.20051
19989, 31.1057, 6.0082
19989, 33.1191, 6.21261
19989, 32.0299, 6.56113
19989, 32.322, 6.54148
19989, 32.911, 5.31937
19989, 33.5336, 6.97676
19989, 30.4252, 6.394
19989, 31.2518, 5.78201
19989, 30.4425, 5.86149
19989, 32.1162, 4.81181
19989, 32.1592, 5.44651
19989, 31.888, 6.22475
19990, 33.1161, 4.41743
19990, 32.1804, 4.80279
19990, 31.1121, 5.31192
19990, 30.4846, 6.01729
19990, 31.2378, 5.41517
19990, 31.4223, 5.41394
19990, 30.1104, 5.87794
19990, 31.8747, 5.7342
19990, 32.8511, 4.96616
19990, 31.8239, 4.46503
19990, 30.5234, 5.86822
19990, 32.5696, 4.18889
19990, 31.2096, 4.99751
19990, 32.2974, 6.04564
19990, 31.7765, 6.71297
19990, 31.3865, 7.96113
19990, 30.1544, 7.05329
19990, 31.7917, 6.6236
19990, 32.8474, 6.99442
19990, 31.2149, 5.13024
19990, 30.9653, 6.02621
19990, 32.2309, 6.0605
19990, 32.3664, 4.39738
19990, 31.4558, 5.19842
19990, 32.7767, 6.38217
19990, 33.053, 6.06082
19990, 32.3355, 5.04281
19990, 33.4219, 6.74544
19990, 32.1341, 4.73504
19990, 31.6821, 5.45405
19990, 32.234, 4.2294
19990, 31.4664, 5.74483
19990, 32.7413, 6.13481
19990, 31.107, 5.37376
19990, 31.0276, 6.74074
19990, 31.7941, 5.7475
19990, 30.8071, 5.16951
19990, 32.2057, 4.85248
19990, 30.8713, 6.0565
19990, 31.3444, 5.06913
19990, 30.3295, 3.61333
19990, 31.4087, 5.71271
19990, 32.9211, 5.97665
19990, 31.3298, 4.6619
19990, 32.4771, 6.31149
19990, 32.3291, 5.9728
19990, 32.3944, 4.67851
19990, 32.4975, 4.98374
19990, 31.8303, 6.46742
19990, 31.4127, 6.08461
19990, 31.8342, 5.49525
19990, 32.2934, 6.3863
19990, 32.3983, 5.72047
19990, 30.5118, 6.1539
19990, 33.3908, 4.5992
19990, 30.4458, 6.20598
19990, 32.2419, 4.97601
19990, 30.3723, 5.93222
19990, 31.1097, 6.57403
19990, 31.035, 5.58044
19990, 32.517, 6.80449
19990, 31.6621, 4.50612
19990, 30.6528, 4.31123
19990, 31.7123, 4.63533
19990, 32.9751, 5.61852
19990, 32.5071, 6.38572
19990, 31.0146, 6.68065
19990, 30.6004, 7.19838
19990, 31.6561, 4.68211
19990, 30.3138, 3.48797
19990, 32.372, 4.41595
19990, 32.0534, 6.73443
19990, 32.7557, 3.4803
19990, 31.6154, 6.08265
19990, 32.8424, 6.97574
19990, 32.9459, 6.19128
19990, 33.2488, 5.21312
19990, 32.2206, 6.33057
19990, 30.6022, 5.2577
19990, 31.8453, 5.11228
19990, 32.0144, 5.59794
19990, 31.7287, 6.83506
19990, 31.8179, 5.9478
19990, 32.5495, 4.85729
19990, 30.6909, 6.91591
19990, 33.0348, 5.78595
19990, 30.9995, 5.51886
19990, 30.1529, 5.50432
19990, 30.5885, 4.76398
19990, 32.4332, 6.4885
19990, 33.2772, 5.55953
19990, 31.2081, 5.44384
19990, 31.8167, 6.32985
19990, 31.0211, 6.68986
19990, 31.4912, 5.69068
19990, 30.1733, 4.80482
19990, 32.5581, 5.33652
19990, 30.702, 5.27029
19990, 31.8776, 4.80636
19990, 32.1047, 5.55065
19991, 31.2507, 6.07563
19991, 32.5917, 5.70816
19991, 31.2593, 5.18096
19991, 32.0299, 5.97329
19991, 32.0624, 6.46141
19991, 30.7694, 6.42188
19991, 31.4038, 5.8008
19991, 30.9833, 5.76109
19991, 32.1226, 6.85201
19991, 31.7604, 5.88148
19991, 31.263, 5.59832
19991, 31.6323, 4.59385
19991, 29.7091, 6.09093
19991, 30.0945, 5.07067
19991, 30.5779, 5.65339
19991, 32.6929, 6.90784
19991, 32.0352, 5.59684
19991, 31.8287, 5.26294
19991, 32.1167, 5.07273
19991, 33.3808, 5.33761
19991, 32.5976, 4.13076
19991, 31.999, 4.63346
19991, 31.4132, 5.03723
19991, 31.3487, 4.96639
19991, 30.44, 6.29831
19991, 31.7876, 7.32508
19991, 32.0486, 4.61315
19991, 33.5409, 6.31949
19991, 31.8545, 6.52335
19991, 31.0086, 6.10574
19991, 31.9349, 7.34568
19991, 32.8524, 6.30894
19991, 31.41, 5.86445
19991, 32.3388, 5.82091
19991, 31.3418, 4.5079
19991, 30.2781, 3.68842
19991, 32.1576, 5.56838
19991, 32.1105, 6.36826
19991, 32.8203, 5.91753
19991, 31.0111, 5.13377
19991, 31.1576, 5.13664
19991, 32.6262, 5.21663
19991, 30.7722, 5.93802
19991, 31.5644, 5.33956
19991, 31.2091, 6.71608
19991, 32.1056, 4.37976
19991, 30.816, 5.73139
19991, 32.5957, 4.59938
19991, 31.8442, 5.82181
19991, 32.3947, 5.56654
19991, 31.1958, 7.13608
19991, 29.9753, 5.27166
19991, 31.6528, 4.15628
19991, 32.1955, 4.68953
19991, 31.1273, 5.09105
19991, 31.2103, 7.37485
19991, 30.2114, 6.32122
19991, 31.6788, 5.52626
19991, 32.2451, 5.37847
19991, 30.2667, 3.9662
19991, 31.9602, 6.35175
19991, 32.1001, 5.73919
19991, 31.6593, 4.91925
19991, 31.1652, 5.78484
19991, 32.8467, 5.19229
19991, 31.8541, 3.77744
19991, 31.9795, 5.36851
19991, 32.0121, 4.58813
19991, 31.384, 4.59829
19991, 32.8106, 7.01106
19991, 31.9291, 4.9874
19991, 31.7127, 6.79443
19991, 31.5882, 6.17742
19991, 31.0963, 3.99387
19991, 33.5963, 5.08007
19991, 32.0835, 5.46006
19991, 29.6034, 7.04312
19991, 31.3601, 5.93363
19991, 31.7438, 6.59258
19991, 32.1086, 5.62072
19991, 32.3737, 5.85701
19991, 31.5752, 6.61775
19991, 31.5796, 5.15347
19991, 32.2103, 5.45836
19991, 32.1408, 5.87751
19991, 31.709, 6.23474
19991, 31.6349, 6.3549
19991, 32.4983, 5.75015
19991, 31.1942, 5.60693
19991, 32.0406, 4.55712
19991, 30.5668, 6.57945
19991, 33.6342, 6.8524
19991, 30.7073, 5.52094
19991, 32.1856, 5.64779
19991, 32.1769, 4.71388
19991, 31.597, 5.00772
19991, 30.7826, 5.49118
19991, 31.6474, 5.65751
19991, 33.1853, 3.45041
19991, 31.0468, 6.34476
19992, 32.8698, 4.53394
19992, 32.0737, 6.64452
19992, 32.0294, 5.92945
19992, 30.9652, 5.1728
19992, 33.3703, 5.38845
19992, 32.6857, 5.83406
19992, 32.5679, 5.24337
19992, 30.6698, 6.54326
19992, 32.2197, 5.90845
19992, 31.46, 5.36787
19992, 31.8881, 7.11781
19992, 31.2785, 4.54422
19992, 31.023, 6.46419
19992, 34.0458, 5.05665
19992, 32.0769, 7.66401
19992, 30.3224, 5.72924
19992, 32.2386, 6.23017
19992, 32.6007, 5.69169
19992, 33.0293, 5.21569
19992, 31.3023, 6.96362
19992, 33.4879, 6.21294
19992, 30.9906, 5.33132
19992, 32.7795, 5.58233
19992, 31.2987, 5.77323
19992, 32.8084, 4.89572
19992, 32.5717, 5.25337
19992, 31.4486, 4.86871
19992, 31.9037, 3.66146
19992, 31.0746, 5.29418
19992, 32.8156, 6.06811
19992, 31.2209, 4.4546
19992, 30.7818, 5.67707
19992, 31.3841, 6.99204
19992, 30.989, 6.07857
19992, 31.6585, 5.43431
19992, 31.8711, 5.13322
19992, 32.0748, 5.64559
19992, 31.4305, 5.85635
19992, 31.8985, 5.39177
19992, 32.4733, 4.22274
19992, 31.6231, 4.13249
19992, 32.2003, 4.85815
19992, 31.9287, 6.6417
19992, 32.2011, 6.00251
19992, 30.8986, 6.40574
19992, 30.892, 5.66653
19992, 30.9143, 6.52836
19992, 33.1315, 5.44996
19992, 30.2815, 6.92266
19992, 30.5131, 5.26969
19992, 32.8973, 6.82028
19992, 32.4316, 5.94819
19992, 31.8103, 4.82674
19992, 31.0391, 5.15198
19992, 31.1128, 6.81954
19992, 32.4276, 5.09718
19992, 32.0735, 5.63614
19992, 32.6813, 5.45682
19992, 29.8314, 6.67305
19992, 32.3096, 5.73179
19992, 30.7152, 5.30689
19992, 32.718, 5.85866
19992, 31.0508, 5.15556
19992, 31.5839, 6.02959
19992, 33.26, 5.18745
19992, 31.8637, 5.24092
19992, 30.7254, 5.29456
19992, 33.5542, 5.47087
19992, 33.8832, 4.70529
19992, 32.0184, 6.03984
19992, 30.4869, 6.35284
19992, 31.6067, 4.72082
19992, 32.3272, 5.6778
19992, 31.2106, 6.88852
19992, 31.4581, 5.00057
19992, 32.8463, 6.19393
19992, 30.84, 5.7741
19992, 31.3297, 6.25151
19992, 32.4035, 4.90153
19992, 30.7133, 5.73379
19992, 31.9491, 6.49674
19992, 31.695, 4.53926
19992, 32.5703, 5.88827
19992, 31.292, 6.27927
19992, 31.8392, 5.41741
19992, 31.6762, 5.92959
19992, 30.8038, 7.09914
19992, 30.3977, 5.8182
19992, 31.6139, 4.83254
19992, 33.2334, 5.65054
19992, 32.6538, 4.66821
19992, 31.0478, 6.78468
19992, 31.6523, 5.75663
19992, 31.3648, 6.20784
19992, 30.4324, 6.94021
19992, 32.7049, 5.82329
19992, 31.3658, 5.41703
19992, 31.9964, 5.92198
19992, 31.256, 4.82083
19992, 31.9837, 5.65228
19993, 31.1914, 5.04334
19993, 32.0033, 6.13642
19993, 32.6181, 4.71659
19993, 31.6673, 6.26882
19993, 33.5847, 5.0897
19993, 32.5781, 6.65132
19993, 31.752, 5.1405
19993, 31.0802, 6.81423
19993, 31.6653, 4.55577
19993, 30.3359, 4.18644
19993, 32.5383, 4.08531
19993, 32.2171, 8.27966
19993, 33.0876, 6.05908
19993, 32.2632, 3.88779
19993, 32.3453, 5.87048
19993, 32.1131, 4.94555
19993, 31.9678, 4.7765
19993, 30.8618, 5.11463
19993, 31.6982, 5.72493
19993, 31.6067, 5.28735
19993, 30.4136, 5.76923
19993, 30.9912, 5.8438
19993, 31.4955, 4.79145
19993, 31.666, 4.41863
19993, 32.113, 5.32744
19993, 29.5475, 7.35815
19993, 31.4794, 5.21988
19993, 32.1549, 6.23246
19993, 31.4726, 6.11346
19993, 31.3073, 6.77842
19993, 31.3436, 4.67089
19993, 32.3287, 6.08928
19993, 32.6782, 5.97115
19993, 32.664, 5.54555
19993, 31.8384, 6.18478
19993, 32.2907, 5.66751
19993, 31.5889, 3.98311
19993, 31.9029, 6.12777
19993, 31.2853, 6.92624
19993, 32.1644, 6.47848
19993, 32.5607, 5.80328
19993, 32.9575, 4.10212
19993, 31.8693, 5.54495
19993, 30.7363, 5.98603
19993, 31.3287, 4.87252
19993, 31.4952, 5.49382
19993, 30.3769, 6.92995
19993, 30.1678, 5.44415
19993, 31.0916, 5.93183
19993, 31.5008, 6.21551
19993, 32.1062, 4.82254
19993, 31.9799, 5.99235
19993, 31.172, 6.4077
19993, 32.1546, 5.27537
19993, 32.3296, 5.02111
19993, 31.2318, 5.72642
19993, 31.5323, 5.91949
19993, 32.8572, 5.11917
19993, 32.166, 6.96168
19993, 30.5992, 4.43357
19993, 31.2862, 6.09602
19993, 30.9048, 6.79333
19993, 30.7, 5.59493
19993, 31.6978, 6.81013
19993, 30.7306, 6.31193
19993, 31.0015, 5.59918
19993, 34.6865, 4.45277
19993, 29.5372, 7.01635
19993, 32.5182, 4.9136
19993, 31.9718, 6.70542
19993, 29.7006, 5.67748
19993, 31.6255, 6.29849
19993, 31.5317, 5.99042
19993, 31.2737, 5.04866
19993, 32.7066, 6.32403
19993, 31.4836, 5.25548
19993, 32.7165, 5.75751
19993, 32.2856, 6.13093
19993, 32.1857, 6.48112
19993, 32.5481, 5.92655
19993, 31.3765, 5.61328
19993, 31.1366, 5.59534
19993, 32.5742, 5.1333
19993, 31.7147, 5.99726
19993, 32.8952, 5.51373
19993, 32.5196, 6.4347
19993, 30.964, 6.72496
19993, 30.972, 6.48589
19993, 30.2259, 6.18683
19993, 30.4791, 4.85481
19993, 30.7128, 6.42902
19993, 30.8406, 6.00226
19993, 31.8601, 5.48615
19993, 31.7807, 4.75345
19993, 31.0274, 6.14145
19993, 32.005, 5.876
19993, 30.4208, 5.80859
19993, 32.0084, 7.17924
19993, 31.7476, 6.60258
19993, 32.3178, 4.91229
19994, 31.1136, 3.69657
19994, 31.521, 6.20106
19994, 31.6706, 5.75038
19994, 32.4407, 5.3824
19994, 31.268, 5.94629
19994, 31.2736, 5.067
19994, 30.8697, 5.60973
19994, 31.1245, 6.41762
19994, 32.6225, 5.57643
19994, 32.1194, 5.79183
19994, 32.6964, 3.72786
19994, 31.5386, 6.05206
19994, 31.1296, 5.94703
19994, 32.6176, 5.86156
19994, 33.4782, 6.08076
19994, 33.1064, 5.45608
19994, 32.0584, 5.09583
19994, 31.7904, 6.14581
19994, 31.6728, 4.87818
19994, 33.6391, 6.02341
19994, 32.2123, 5.4045
19994, 32.0431, 5.99018
19994, 31.3922, 5.70119
19994, 31.6056, 4.88052
19994, 32.4832, 5.38833
19994, 31.6228, 6.78786
19994, 30.8709, 6.11051
19994, 30.3406, 7.44612
19994, 33.6492, 5.96501
19994, 29.7922, 4.60095
19994, 31.2818, 4.72594
19994, 32.1252, 5.77919
19994, 32.5854, 5.61615
19994, 31.0464, 4.92247
19994, 30.728, 7.73712
19994, 30.9347, 6.49609
19994, 29.9529, 4.8713
19994, 31.6652, 4.95531
19994, 31.5457, 5.3473
19994, 29.9655, 5.09025
19994, 30.0128, 5.25858
19994, 31.9045, 7.80186
19994, 31.5877, 6.12691
19994, 31.368, 4.78865
19994, 31.3229, 4.86842
19994, 31.3373, 5.27912
19994, 32.7516, 4.70854
19994, 32.2107, 4.8478
19994, 32.2459, 5.94006
19994, 31.4039, 5.65161
19994, 32.4326, 6.94184
19994, 31.9533, 4.15536
19994, 31.8728, 5.56267
19994, 31.7279, 5.63539
19994, 32.9134, 5.07824
19994, 32.2978, 5.21189
19994, 31.2784, 4.22031
19994, 30.4825, 6.24877
19994, 31.9241, 6.541
19994, 32.0014, 5.32593
19994, 31.6625, 6.92198
19994, 33.3209, 5.8016
19994, 32.7751, 5.89026
19994, 31.7028, 6.86853
19994, 30.8461, 6.85235
19994, 31.5777, 6.73807
19994, 31.3102, 5.58073
19994, 31.9928, 4.49659
19994, 33.6692, 4.54556
19994, 31.3801, 6.05217
19994, 30.5071, 5.61916
19994, 29.6503, 4.75913
19994, 31.7124, 5.57632
19994, 32.1212, 4.48127
19994, 31.0705, 7.75357
19994, 32.4038, 6.13059
19994, 32.2707, 6.88741
19994, 32.7487, 7.23499
19994, 32.7877, 4.87814
19994, 31.8163, 6.60867
19994, 30.7506, 5.53198
19994, 32.0506, 5.68022
19994, 31.9317, 7.0855
19994, 31.1314, 5.83963
19994, 32.4941, 5.52783
19994, 31.3781, 4.46816
19994, 31.7803, 5.84737
19994, 29.9158, 5.11665
19994, 30.6761, 6.54934
19994, 31.1862, 5.14338
19994, 31.0562, 7.23413
19994, 32.8273, 6.01727
19994, 32.4861, 6.20402
19994, 31.5005, 6.04356
19994, 31.0847, 5.82467
19994, 32.4691, 6.47871
19994, 30.9627, 4.31592
19994, 30.1454, 7.31195
19994, 31.8452, 5.72928
19994, 31.1593, 5.51242
19995, 31.5128, 6.28291
19995, 31.2217, 5.62227
19995, 30.5471, 5.75564
19995, 32.1856, 5.38627
19995, 32.9016, 5.4654
19995, 30.538, 5.87627
19995, 31.8738, 6.77883
19995, 31.302, 6.16188
19995, 32.0932, 6.46058
19995, 31.3793, 5.76223
19995, 31.6991, 5.6145
19995, 32.4771, 6.08033
19995, 31.3536, 5.49338
19995, 32.4587, 5.49245
19995, 30.0948, 6.8859
19995, 32.332, 5.14227
19995, 31.7386, 5.30675
19995, 32.2809, 4.32116
19995, 31.2775, 6.57979
19995, 32.4018, 6.09608
19995, 31.7353, 5.70172
19995, 31.673, 6.09643
19995, 31.9923, 7.00533
19995, 30.3744, 5.81961
19995, 30.9961, 6.30276
19995, 33.3909, 5.21675
19995, 32.4024, 4.88835
19995, 31.34, 4.86097
19995, 30.4991, 6.81562
19995, 33.6817, 5.71779
19995, 32.7085, 6.78218
19995, 31.8159, 6.2448
19995, 31.7623, 5.20678
19995, 31.7393, 6.066
19995, 31.209, 4.60188
19995, 30.3101, 5.82371
19995, 30.5798, 7.6777
19995, 30.2927, 5.47296
19995, 32.5757, 5.79714
19995, 31.5896, 5.91536
19995, 32.8911, 4.59067
19995, 30.7738, 3.11909
19995, 32.2718, 6.68405
19995, 31.2348, 6.26735
19995, 31.7661, 6.29261
19995, 31.2486, 4.78722
19995, 32.5012, 6.29479
19995, 32.7976, 6.10485
19995, 32.1139, 5.92585
19995, 32.1124, 4.40422
19995, 32.0079, 6.09947
19995, 32.8588, 6.22995
19995, 31.6335, 5.03956
19995, 30.9568, 6.11678
19995, 33.2324, 5.88012
19995, 31.0741, 5.37206
19995, 30.239, 5.34197
19995, 30.3008, 6.55863
19995, 32.7186, 6.12646
19995, 30.9584, 5.85291
19995, 32.1663, 5.76383
19995, 31.6215, 6.20172
19995, 30.378, 6.7192
19995, 32.2561, 5.08853
19995, 30.6371, 5.50841
19995, 32.2992, 6.06084
19995, 31.9248, 5.91035
19995, 31.5456, 4.92299
19995, 32.4666, 5.65969
19995, 30.5568, 5.67232
19995, 30.6612, 5.89917
19995, 32.7233, 6.2209
19995, 32.9654, 6.07506
19995, 32.2905, 5.08034
19995, 32.0785, 6.02711
19995, 30.9513, 4.57943
19995, 29.8778, 4.76114
19995, 31.5636, 6.4572
19995, 32.6124, 5.298
19995, 32.5042, 6.60973
19995, 31.653, 6.3597
19995, 31.2426, 5.98738
19995, 31.879, 5.84669
19995, 32.1946, 6.28343
19995, 31.3431, 6.01091
19995, 31.9492, 7.51004
19995, 30.578, 5.09669
19995, 31.8473, 3.89855
19995, 32.1018, 5.10951
19995, 30.5315, 6.63752
19995, 30.921, 5.75048
19995, 30.3298, 3.76764
19995, 30.3398, 6.67831
19995, 31.9472, 6.84485
19995, 31.8721, 5.69258
19995, 30.9332, 5.50209
19995, 31.8866, 4.54867
19995, 33.0333, 5.13944
19995, 31.7226, 5.40845
19995, 30.0885, 6.58079
19996, 32.4026, 4.54435
19996, 31.4074, 6.84594
19996, 31.7563, 5.48262
19996, 33.1474, 5.15514
19996, 32.1449, 6.71104
19996, 31.1462, 6.35599
19996, 31.2239, 6.91663
19996, 30.4619, 5.98474
19996, 31.3607, 7.59257
19996, 31.2899, 5.43548
19996, 32.3722, 6.21528
19996, 31.4763, 5.64858
19996, 32.2376, 4.43192
19996, 30.6095, 6.58225
19996, 31.7603, 6.1238
19996, 31.8936, 6.01871
19996, 33.4308, 7.0631
19996, 30.5428, 4.49862
19996, 30.7233, 4.68504
19996, 32.4763, 6.657
19996, 30.7729, 5.32118
19996, 31.9965, 5.92713
19996, 32.1221, 6.73151
19996, 32.1128, 5.77965
19996, 31.7312, 6.23214
19996, 32.1371, 6.24534
19996, 31.455, 6.77442
19996, 32.2231, 3.84545
19996, 30.9906, 4.72738
19996, 29.9691, 3.27405
19996, 31.3715, 6.36956
19996, 31.4388, 5.83453
19996, 31.7036, 6.4018
19996, 30.3172, 5.34286
19996, 33.4361, 4.11669
19996, 32.0365, 5.71422
19996, 30.5174, 4.58691
19996, 32.2049, 5.7925
19996, 30.7656, 5.38224
19996, 32.4015, 5.83176
19996, 32.694, 7.25105
19996, 30.8991, 5.26217
19996, 32.2941, 6.68165
19996, 31.6483, 5.47553
19996, 31.7795, 6.66241
19996, 31.6033, 5.21057
19996, 32.0697, 5.79069
19996, 33.5217, 5.78522
19996, 31.977, 6.08561
19996, 31.3902, 6.78661
19996, 30.9242, 6.20976
19996, 31.1202, 5.71024
19996, 31.7513, 7.52201
19996, 31.6999, 4.6903
19996, 31.7668, 4.82208
19996, 31.7585, 4.62453
19996, 31.4428, 6.67745
19996, 32.4241, 7.18695
19996, 30.9077, 4.57631
19996, 31.1246, 6.01681
19996, 31.4235, 6.04737
19996, 31.5461, 5.14963
19996, 33.4805, 5.45255
19996, 31.1796, 4.81054
19996, 31.298, 5.51842
19996, 31.0975, 5.41208
19996, 30.43, 5.56188
19996, 30.931, 5.65994
19996, 31.6636, 5.64345
19996, 30.6445, 5.26204
19996, 31.3628, 7.31892
19996, 32.3323, 5.81465
19996, 31.2594, 5.90377
19996, 32.7739, 4.98132
19996, 31.9244, 5.29468
19996, 32.0152, 5.77086
19996, 32.7494, 6.36017
19996, 32.9382, 5.75115
19996, 30.9408, 4.20671
19996, 30.89, 6.16708
19996, 31.1939, 5.67279
19996, 32.0749, 5.70657
19996, 32.1886, 6.2336
19996, 30.6865, 5.24958
19996, 32.6407, 6.045
19996, 29.6097, 6.51652
19996, 31.2326, 6.18019
19996, 32.2589, 5.29085
19996, 33.2877, 6.03431
19996, 32.3482, 6.02454
19996, 32.1668, 6.29676
19996, 32.2453, 5.55192
19996, 31.3592, 6.69567
19996, 32.3138, 4.68317
19996, 31.9574, 5.35502
19996, 31.3417, 5.34949
19996, 31.5758, 6.97902
19996, 32.6635, 5.70082
19996, 29.1958, 5.34642
19996, 31.5423, 7.73399
19997, 30.3841, 5.13702
19997, 30.9316, 6.99958
19997, 31.505, 4.73765
19997, 31.199, 8.24868
19997, 32.5816, 6.55438
19997, 31.3988, 6.30575
19997, 32.2533, 4.11094
19997, 30.9309, 6.06998
19997, 31.1124, 4.7667
19997, 31.5166, 4.62668
19997, 31.9135, 5.02756
19997, 32.3776, 6.40041
19997, 32.9878, 6.16632
19997, 30.1714, 5.93277
19997, 30.0974, 5.37013
19997, 31.112, 6.32617
19997, 32.0107, 6.17541
19997, 33.6833, 6.62169
19997, 32.5071, 4.48297
19997, 33.5731, 6.46165
19997, 31.6844, 5.4994
19997, 31.7547, 4.24597
19997, 31.5697, 4.55454
19997, 31.324, 6.71361
19997, 31.6776, 6.37806
19997, 30.6133, 5.15027
19997, 31.616, 6.16945
19997, 31.4801, 4.76804
19997, 32.8806, 6.06037
19997, 30.8984, 6.19297
19997, 31.5116, 6.27208
19997, 31.7029, 5.63231
19997, 31.5126, 6.02571
19997, 31.16, 5.10528
19997, 31.4587, 5.44382
19997, 33.2899, 5.80143
19997, 31.5292, 4.68914
19997, 32.2136, 5.75223
19997, 31.3769, 6.20211
19997, 31.2752, 6.08562
19997, 32.0585, 4.38001
19997, 33.2556, 6.90762
19997, 32.3021, 6.42847
19997, 32.8899, 6.23506
19997, 33.4167, 5.01182
19997, 32.3621, 4.90523
19997, 30.8934, 5.19831
19997, 31.313, 5.55476
19997, 29.9004, 6.46846
19997, 31.8523, 5.68254
19997, 30.6543, 6.34045
19997, 31.1342, 5.75063
19997, 31.3686, 4.90513
19997, 32.9924, 5.00102
19997, 31.9303, 6.81504
19997, 31.5811, 5.75135
19997, 30.4186, 6.09055
19997, 32.3326, 5.91997
19997, 31.5914, 6.07082
19997, 31.9273, 6.73408
19997, 32.6788, 5.36782
19997, 31.2661, 7.64671
19997, 31.0688, 6.06829
19997, 31.6352, 5.46523
19997, 32.2295, 5.81491
19997, 31.6725, 5.05887
19997, 31.53, 5.37464
19997, 30.9302, 6.20047
19997, 31.8926, 5.76735
19997, 31.8425, 5.78646
19997, 30.3953, 5.38357
19997, 31.5692, 4.27913
19997, 30.2266, 5.00461
19997, 31.7416, 5.05764
19997, 32.7443, 5.52406
19997, 32.2239, 5.64926
19997, 30.5351, 6.51182
19997, 32.4159, 5.61384
19997, 31.4817, 6.41616
19997, 31.1428, 5.32614
19997, 32.8494, 5.82176
19997, 30.1652, 6.57541
19997, 31.7628, 5.35689
19997, 30.9297, 6.03152
19997, 30.5285, 5.25307
19997, 31.7349, 4.35767
19997, 30.9071, 5.99108
19997, 30.3138, 6.00585
19997, 32.1, 5.63262
19997, 31.8, 3.6788
19997, 32.7576, 6.82822
19997, 30.9998, 6.1273
19997, 32.4259, 5.27518
19997, 31.9602, 7.29324
19997, 30.209, 5.8789
19997, 31.5199, 6.19378
19997, 33.33, 6.91953
19997, 32.0833, 6.51539
19997, 31.0544, 4.43282
19997, 31.9551, 5.35658
19998, 33.6718, 5.59084
19998, 32.7708, 4.79725
19998, 31.6542, 6.32305
19998, 33.2459, 6.16534
19998, 32.0074, 5.01851
19998, 29.8258, 5.17843
19998, 30.9352, 7.75632
19998, 31.9133, 4.58736
19998, 31.0916, 6.41148
19998, 32.1209, 5.04619
19998, 32.2355, 5.96326
19998, 31.1722, 4.27714
19998, 30.9652, 4.92927
19998, 31.2986, 4.92417
19998, 31.9484, 4.48392
19998, 32.2653, 4.90026
19998, 33.3946, 6.23982
19998, 31.846, 5.93988
19998, 32.9614, 7.04648
19998, 32.0179, 5.51909
19998, 32.6989, 5.5483
19998, 31.472, 5.83896
19998, 32.0908, 6.81604
19998, 31.3641, 5.96901
19998, 30.5732, 5.77392
19998, 31.3907, 5.70737
19998, 31.9437, 6.62167
19998, 30.261, 4.30274
19998, 31.1879, 7.31808
19998, 31.546, 5.44518
19998, 31.2691, 6.54097
19998, 30.6633, 5.54777
19998, 31.6232, 6.98423
19998, 32.2332, 7.60282
19998, 30.873, 5.23764
19998, 30.6413, 5.52427
19998, 31.8957, 5.46657
19998, 32.0718, 6.10634
19998, 32.2934, 4.95549
19998, 32.9822, 7.40431
19998, 32.7148, 6.63999
19998, 30.2554, 7.15657
19998, 31.9135, 6.57768
19998, 33.58, 4.59059
19998, 31.6338, 5.20556
19998, 31.6511, 5.64264
19998, 32.6624, 5.19726
19998, 29.9261, 5.91877
19998, 32.4989, 5.64931
19998, 30.8294, 5.78202
19998, 31.1555, 5.15294
19998, 30.4892, 5.22768
19998, 31.4343, 4.05763
19998, 31.646, 4.98631
19998, 31.1265, 5.73989
19998, 31.5639, 3.93568
19998, 31.6525, 5.38408
19998, 31.7829, 6.19195
19998, 29.2338, 6.19854
19998, 30.1046, 5.67866
19998, 31.5479, 5.60032
19998, 31.881, 6.27062
19998, 32.1753, 6.05211
19998, 32.9524, 6.42269
19998, 30.5865, 7.26973
19998, 32.2301, 5.76919
19998, 30.4143, 4.80954
19998, 31.9007, 5.20317
19998, 31.4356, 6.66367
19998, 32.6091, 7.19573
19998, 32.422, 4.97237
19998, 32.7397, 5.7173
19998, 31.974, 5.44153
19998, 31.7361, 6.48985
19998, 31.7676, 4.82768
19998, 31.065, 5.97651
19998, 32.3475, 6.88073
19998, 33.2105, 6.10061
19998, 32.0759, 5.46373
19998, 33.193, 4.44242
19998, 32.3145, 6.26598
19998, 31.9836, 4.17753
19998, 31.9379, 6.18218
19998, 31.9011, 4.5136
19998, 31.4813, 4.87431
19998, 31.2138, 5.88864
19998, 31.5422, 6.04359
19998, 30.9159, 6.27077
19998, 31.965, 5.89409
19998, 31.9197, 5.77457
19998, 32.5807, 3.6211
19998, 31.8789, 4.90982
19998, 32.0819, 5.4334
19998, 30.0172, 5.41534
19998, 31.5031, 4.89222
19998, 30.7438, 6.28068
19998, 32.5629, 6.3082
19998, 31.2856, 6.16651
19998, 32.3802, 4.02856
19998, 30.8904, 4.20606
19999, 30.8552, 6.30975
19999, 31.4079, 5.69047
19999, 29.8763, 6.67783
19999, 31.2899, 5.33053
19999, 31.4039, 4.83111
19999, 32.5621, 4.22806
19999, 31.6159, 5.12892
19999, 31.92, 8.19464
19999, 31.8003, 6.52592
19999, 31.1777, 5.46655
19999, 30.8083, 5.96952
19999, 30.4022, 6.33173
19999, 32.4318, 5.65363
19999, 31.1908, 6.67882
19999, 31.2284, 6.01926
19999, 32.3782, 5.85535
19999, 30.2302, 4.92133
19999, 32.3342, 6.87738
19999, 30.779, 5.76165
19999, 30.8628, 4.30421
19999, 31.4756, 5.97939
19999, 31.4693, 6.14548
19999, 30.3671, 5.22906
19999, 33.3169, 6.06543
19999, 32.3847, 5.61038
19999, 31.2834, 6.04711
19999, 32.092, 5.5154
19999, 32.2145, 6.26177
19999, 31.0458, 5.63171
19999, 31.0786, 6.08861
19999, 31.3597, 5.28279
19999, 32.6896, 5.47755
19999, 31.584, 5.15007
19999, 30.6086, 7.61998
19999, 32.1392, 4.92894
19999, 32.4581, 5.23735
19999, 32.4788, 4.92103
19999, 32.5997, 5.74112
19999, 31.6688, 6.20281
19999, 30.7663, 6.23326
19999, 30.0875, 5.69161
19999, 30.3545, 4.41266
19999, 30.2998, 5.70995
19999, 32.2721, 4.24882
19999, 32.0061, 7.58669
19999, 32.5154, 6.07801
19999, 29.9849, 5.06506
19999, 32.8164, 6.29682
19999, 31.8575, 6.28078
19999, 30.0119, 5.90788
19999, 32.7986, 5.25262
19999, 32.0257, 5.06058
19999, 31.7558, 6.19658
19999, 32.0461, 4.99635
19999, 31.8644, 6.59931
19999, 32.4785, 5.60488
19999, 31.3983, 4.14399
19999, 32.8317, 6.38319
19999, 31.3854, 5.98282
19999, 32.0363, 5.37635
19999, 30.7827, 5.49288
19999, 31.9675, 6.23451
19999, 31.0415, 5.98119
19999, 32.6423, 5.66589
19999, 32.2351, 5.34563
19999, 31.3877, 5.79494
19999, 30.1239, 6.17623
19999, 32.8778, 6.45422
19999, 31.5182, 4.84826
19999, 32.1086, 6.49563
19999, 32.4755, 4.72438
19999, 31.3099, 5.49891
19999, 31.7164, 6.4449
19999, 31.0651, 6.21369
19999, 30.0348, 4.9557
19999, 30.8664, 6.1224
19999, 31.7258, 4.72335
19999, 32.9954, 5.32851
19999, 30.5739, 5.6317
19999, 29.7415, 5.02078
19999, 31.9136, 6.17694
19999, 31.348, 6.27304
19999, 32.3809, 6.61671
19999, 30.4072, 6.05489
19999, 30.985, 5.56958
19999, 30.821, 5.68617
19999, 31.0535, 6.01105
19999, 33.1021, 6.10497
19999, 32.2613, 6.40852
19999, 31.2894, 4.87999
19999, 33.0531, 5.18357
19999, 32.5032, 5.65955
19999, 32.1322, 6.63058
19999, 31.8759, 6.47219
19999, 30.2932, 7.91296
19999, 31.3671, 4.03916
19999, 32.325, 5.62069
19999, 32.225, 6.18698
19999, 31.0142, 5.69236
19999, 31.233, 5.74434
20000, 32.0938, 6.29696
20000, 31.6966, 6.16755
20000, 32.578, 5.79139
20000, 30.9555, 4.66741
20000, 31.6874, 6.86181
20000, 32.3112, 6.4397
20000, 30.732, 6.89542
20000, 31.3426, 4.88204
20000, 31.7538, 5.15773
20000, 31.5422, 5.35301
20000, 31.553, 4.55362
20000, 31.4438, 6.42952
20000, 30.8425, 5.8994
20000, 32.0878, 5.78187
20000, 31.869, 5.69445
20000, 31.8792, 5.98889
20000, 32.5566, 4.66898
20000, 32.3988, 5.49705
20000, 30.9687, 6.20102
20000, 32.6566, 5.94561
20000, 31.2759, 5.13349
20000, 30.9469, 4.69383
20000, 31.4871, 5.90696
20000, 31.9685, 5.24379
20000, 32.2355, 4.6555
20000, 32.8919, 5.6191
20000, 31.299, 5.22872
20000, 32.2541, 4.72599
20000, 31.9218, 4.43143
20000, 31.8034, 5.10988
20000, 31.7549, 5.01397
20000, 31.5227, 6.14166
20000, 31.686, 6.68847
20000, 31.5335, 5.29123
20000, 31.4585, 5.96491
20000, 33.0224, 5.68316
20000, 31.8059, 4.37259
20000, 32.3025, 5.61573
20000, 31.057, 4.93217
20000, 31.345, 3.24182
20000, 32.3122, 5.84847
20000, 32.1338, 4.57938
20000, 32.0687, 4.82375
20000, 31.985, 5.90887
20000, 31.4379, 6.14542
20000, 31.4476, 6.16633
20000, 31.719, 4.16656
20000, 31.3488, 4.04145
20000, 31.9139, 5.82256
20000, 31.6776, 5.57431
20000, 32.7991, 5.27661
20000, 32.2813, 6.27105
20000, 29.8984, 5.01475
20000, 31.7405, 5.90237
20000, 31.6896, 6.04858
20000, 33.2939, 4.46874
20000, 31.3945, 5.3978
20000, 32.4308, 5.13886
20000, 30.9032, 6.71634
20000, 30.6791, 5.90299
20000, 31.1914, 3.84401
20000, 30.9339, 6.076
20000, 30.7255, 6.63285
20000, 31.9904, 5.73623
20000, 30.3834, 5.48528
20000, 33.1763, 5.06498
20000, 31.4836, 6.17188
20000, 32.5542, 4.66717
20000, 31.4045, 6.62343
20000, 31.2314, 6.05026
20000, 31.8615, 5.20057
20000, 31.79, 5.8386
20000, 30.9283, 6.64625
20000, 31.924, 5.84598
20000, 32.1102, 6.19912
20000, 32.4554, 5.02316
20000, 30.6924, 5.48841
20000, 31.9444, 6.75994
20000, 32.1412, 5.32276
20000, 30.5721, 6.58
20000, 31.3512, 6.19135
20000, 30.1219, 7.14056
20000, 33.544, 6.23918
20000, 31.2017, 5.21221
20000, 32.0531, 5.26901
20000, 32.1086, 5.60235
20000, 31.4787, 6.76496
20000, 32.5762, 4.79335
20000, 31.5534, 5.5334
20000, 32.487, 4.96945
20000, 31.8489, 6.31867
20000, 33.1073, 6.32497
20000, 31.3179, 6.07072
20000, 30.3348, 7.72637
20000, 31.6249, 6.15636
20000, 30.2487, 5.99993
20000, 32.0308, 4.68486
20000, 31.092, 4.94579
20000, 31.7536, 7.28712
20000, 31.1279, 6.55679
